distance_km,time_of_day,day_of_week,traffic_level,weather_level,current_delay,is_weekend,is_rush_hour,crowd_level
9.26,8,4,7,1,12.1,0,1,767.0
12.36,15,1,3,0,7.9,0,0,320.0
8.19,9,0,7,2,13.9,0,1,892.0
7.38,16,2,2,0,8.6,0,0,406.0
13.38,17,0,9,5,28.6,0,1,963.0
7.83,9,0,8,4,20.0,0,1,855.0
10.32,7,6,2,3,8.7,1,0,356.0
9.67,13,5,3,3,12.9,1,0,286.0
13.37,7,0,5,1,9.6,0,0,437.0
6.5,14,2,2,0,10.3,0,0,394.0
16.34,17,1,8,2,19.8,0,1,835.0
5.36,16,6,4,0,5.9,1,0,372.0
10.77,12,3,3,3,18.8,0,0,393.0
9.96,21,1,6,0,11.1,0,0,487.0
5.0,7,4,4,3,20.2,0,0,503.0
11.36,19,3,7,1,14.2,0,1,754.0
6.86,18,1,9,3,20.4,0,1,825.0
3.81,11,2,5,0,7.0,0,0,557.0
12.31,7,0,5,1,9.5,0,0,423.0
2.72,8,4,7,4,19.6,0,1,877.0
4.39,20,6,4,0,6.2,1,1,582.0
8.12,8,5,5,0,7.6,1,1,722.0
13.31,19,2,9,0,18.1,0,1,887.0
11.83,13,3,4,1,12.7,0,0,470.0
9.16,12,0,4,1,11.3,0,0,425.0
2.0,16,2,2,1,11.8,0,0,471.0
5.18,8,0,5,0,8.7,0,1,713.0
6.06,11,5,2,0,3.5,1,0,292.0
3.66,20,6,6,3,15.2,1,1,756.0
1.53,8,1,6,1,10.5,0,1,833.0
8.39,20,4,5,0,8.9,0,1,640.0
12.07,23,4,4,0,6.7,0,0,500.0
5.72,6,2,5,0,6.6,0,0,531.0
13.21,14,5,2,2,14.3,1,0,238.0
2.44,8,4,8,2,15.1,0,1,911.0
3.48,16,1,0,1,0.6,0,0,261.0
8.27,23,5,2,1,4.9,1,0,293.0
5.37,19,4,6,3,16.0,0,1,712.0
11.43,20,2,8,0,13.0,0,1,784.0
10.25,8,5,6,0,10.3,1,1,644.0
5.65,14,4,2,0,2.0,0,0,436.0
2.65,8,0,9,5,23.6,0,1,1000.0
5.18,20,1,8,1,15.2,0,1,952.0
10.41,8,2,9,1,17.9,0,1,922.0
11.73,7,0,4,2,13.3,0,0,442.0
5.38,2,2,1,0,2.0,0,0,373.0
1.52,8,3,5,0,8.6,0,1,802.0
2.32,8,5,6,1,16.5,1,1,670.0
9.87,6,1,8,5,26.2,0,0,667.0
5.58,19,3,6,0,9.9,0,1,824.0
5.68,18,4,6,0,8.1,0,1,821.0
3.44,9,3,10,3,20.5,0,1,801.0
3.39,18,6,6,2,21.1,1,1,791.0
13.06,11,2,3,1,8.3,0,0,444.0
10.1,18,2,7,0,10.9,0,1,782.0
4.67,9,0,8,0,11.1,0,1,796.0
7.87,15,2,3,0,5.8,0,0,304.0
8.81,10,0,8,0,14.3,0,1,731.0
20.09,8,6,5,2,16.6,1,1,667.0
3.15,15,1,2,2,7.3,0,0,408.0
8.73,18,5,6,3,17.5,1,1,728.0
13.02,18,0,7,0,11.6,0,1,864.0
18.66,10,1,8,0,13.4,0,1,695.0
4.49,14,0,5,2,12.8,0,0,465.0
5.53,18,2,9,0,13.2,0,1,948.0
11.5,6,4,3,0,5.0,0,0,349.0
1.97,6,2,3,0,4.2,0,0,412.0
9.31,10,4,6,0,13.5,0,1,766.0
24.56,8,5,7,0,12.6,1,1,676.0
9.97,10,0,8,0,14.3,0,1,689.0
0.82,7,2,4,3,13.0,0,0,487.0
3.85,15,4,5,0,7.5,0,0,448.0
4.6,17,3,6,1,12.5,0,1,749.0
14.94,18,1,9,1,17.1,0,1,851.0
6.63,17,1,9,1,14.8,0,1,908.0
1.54,11,2,2,1,9.9,0,0,450.0
7.18,20,4,7,0,9.8,0,1,900.0
8.2,17,6,2,0,5.0,1,1,568.0
5.06,14,2,5,1,8.8,0,0,488.0
3.34,8,3,7,4,18.0,0,1,920.0
26.18,17,2,8,0,14.6,0,1,726.0
13.05,15,0,4,0,10.5,0,0,463.0
13.8,17,2,10,5,26.0,0,1,953.0
6.64,18,2,8,2,15.2,0,1,786.0
4.43,20,1,7,2,14.0,0,1,891.0
5.25,21,4,3,1,7.1,0,0,386.0
2.43,16,1,4,3,13.0,0,0,473.0
19.85,21,1,3,1,8.4,0,0,339.0
6.84,20,2,7,1,12.4,0,1,861.0
17.12,0,6,3,2,11.9,1,0,365.0
5.44,16,4,2,0,10.1,0,0,382.0
10.06,8,2,7,4,18.6,0,1,850.0
8.51,9,5,6,5,25.5,1,1,673.0
2.21,9,0,3,1,7.2,0,1,707.0
21.4,13,2,4,0,11.3,0,0,303.0
5.56,1,3,5,2,13.4,0,0,502.0
2.9,8,3,3,0,3.7,0,1,716.0
11.56,5,4,4,1,13.3,0,0,369.0
7.44,17,4,6,0,9.1,0,1,781.0
9.47,19,3,6,2,15.4,0,1,806.0
7.97,23,6,3,4,12.6,1,0,220.0
0.93,12,6,3,0,5.7,1,0,393.0
3.74,9,3,6,2,12.6,0,1,888.0
3.62,19,6,7,3,18.4,1,1,773.0
13.67,7,4,4,0,6.1,0,0,400.0
7.64,22,0,2,0,2.9,0,0,341.0
10.47,17,0,8,0,14.9,0,1,715.0
5.82,13,0,5,3,15.3,0,0,632.0
10.81,7,1,3,0,5.2,0,0,416.0
6.65,4,2,6,0,8.5,0,0,510.0
6.31,14,0,4,0,5.0,0,0,392.0
8.47,11,4,2,0,3.1,0,0,425.0
7.97,19,2,6,0,11.5,0,1,694.0
31.41,16,4,8,1,22.7,0,0,420.0
3.71,12,3,2,0,8.1,0,0,438.0
1.98,8,1,7,2,15.9,0,1,825.0
9.33,13,4,6,2,13.8,0,0,540.0
4.15,8,6,7,3,17.9,1,1,801.0
0.81,17,2,7,0,16.0,0,1,853.0
3.04,16,2,4,1,7.0,0,0,400.0
27.24,18,3,8,2,21.5,0,1,808.0
3.63,12,5,1,1,4.2,1,0,404.0
1.39,9,3,7,0,9.0,0,1,827.0
26.19,19,5,6,0,13.1,1,1,643.0
2.93,17,0,6,1,12.3,0,1,858.0
37.25,17,0,10,0,21.9,0,1,679.0
5.63,14,2,5,4,14.8,0,0,507.0
21.46,19,1,10,3,24.7,0,1,860.0
6.2,8,0,8,2,15.5,0,1,733.0
10.1,11,1,6,5,20.8,0,0,592.0
6.76,18,1,5,1,10.3,0,1,719.0
6.24,7,6,4,0,6.2,1,0,363.0
8.81,18,5,5,0,9.0,1,1,612.0
10.35,10,2,5,2,11.4,0,1,898.0
8.35,7,6,3,0,10.1,1,0,290.0
7.76,7,5,4,4,13.3,1,0,508.0
4.18,19,1,5,0,6.8,0,1,751.0
6.95,18,3,8,0,14.8,0,1,824.0
19.79,9,6,4,2,14.5,1,1,728.0
4.02,7,3,4,3,13.1,0,0,430.0
8.99,8,2,8,3,18.3,0,1,873.0
16.05,8,6,7,0,14.6,1,1,710.0
10.41,17,4,9,0,15.7,0,1,856.0
13.77,8,3,7,1,15.8,0,1,798.0
2.89,8,6,7,3,24.0,1,1,801.0
9.0,5,5,5,0,9.3,1,0,388.0
5.98,16,2,4,1,7.6,0,0,442.0
6.17,17,2,7,0,13.6,0,1,867.0
18.74,17,0,7,2,17.2,0,1,815.0
6.25,15,0,5,0,8.7,0,0,477.0
9.2,21,6,4,5,15.9,1,0,476.0
1.39,12,0,3,0,10.1,0,0,409.0
21.44,19,5,7,1,14.0,1,1,732.0
13.25,17,1,8,2,16.5,0,1,822.0
7.14,7,3,3,0,3.9,0,0,300.0
5.78,18,5,5,0,10.5,1,1,656.0
11.12,15,6,5,1,18.4,1,0,326.0
15.93,17,2,10,1,26.3,0,1,894.0
21.63,8,6,7,2,17.6,1,1,672.0
12.97,12,3,4,1,8.3,0,0,410.0
7.84,19,6,4,0,5.8,1,1,695.0
14.29,8,0,10,4,25.0,0,1,1000.0
12.61,0,1,4,0,7.7,0,0,406.0
7.86,9,4,8,1,13.9,0,1,899.0
12.37,13,4,6,4,18.3,0,0,503.0
12.21,18,5,9,3,20.7,1,1,697.0
7.11,17,2,6,0,9.8,0,1,705.0
4.98,20,4,5,0,6.5,0,1,745.0
11.52,12,4,6,1,14.2,0,0,510.0
3.18,11,6,3,0,11.5,1,0,323.0
2.6,8,0,8,2,16.8,0,1,952.0
9.3,8,0,9,1,17.9,0,1,968.0
11.31,18,4,7,0,10.3,0,1,723.0
9.26,7,0,5,0,10.9,0,0,559.0
9.96,8,1,7,1,12.8,0,1,705.0
11.18,19,3,9,2,18.2,0,1,975.0
18.79,15,1,5,0,14.4,0,0,397.0
13.11,6,1,3,0,8.7,0,0,357.0
12.86,17,2,7,0,12.6,0,1,775.0
8.81,13,4,3,1,5.8,0,0,348.0
9.04,19,2,8,2,16.8,0,1,942.0
6.69,17,5,6,3,15.0,1,1,703.0
9.76,0,1,6,4,19.9,0,0,496.0
3.05,8,0,7,1,12.4,0,1,751.0
18.84,9,1,9,3,22.5,0,1,813.0
3.81,17,6,5,0,15.1,1,1,656.0
13.1,13,1,3,1,7.3,0,0,335.0
17.34,18,0,7,1,15.7,0,1,769.0
13.08,13,2,3,2,22.5,0,0,374.0
28.78,9,4,8,2,21.6,0,1,873.0
1.0,7,2,2,0,7.0,0,0,393.0
5.23,8,2,8,3,30.0,0,1,945.0
17.15,11,0,4,3,16.0,0,0,487.0
2.5,14,4,3,4,11.4,0,0,604.0
3.91,20,1,9,0,19.7,0,1,928.0
10.71,8,0,9,5,23.3,0,1,909.0
7.77,17,5,8,2,15.2,1,1,698.0
10.27,7,6,2,1,7.1,1,0,305.0
8.25,17,4,8,0,12.2,0,1,877.0
8.79,2,6,2,3,9.1,1,0,334.0
4.24,17,2,8,2,15.2,0,1,872.0
8.59,8,3,6,1,14.2,0,1,809.0
5.51,8,2,10,5,27.0,0,1,864.0
6.11,15,3,3,0,8.5,0,0,411.0
12.98,10,6,7,1,12.9,1,1,744.0
2.39,12,4,4,0,7.9,0,0,432.0
0.6,9,0,6,0,9.2,0,1,870.0
12.36,21,4,4,0,5.9,0,0,453.0
8.6,9,2,8,0,14.8,0,1,789.0
17.33,14,3,5,0,8.4,0,0,414.0
4.0,19,3,7,0,14.0,0,1,823.0
6.94,17,4,7,0,15.5,0,1,690.0
7.98,9,6,8,2,21.4,1,1,769.0
4.67,14,6,1,0,4.8,1,0,210.0
3.59,7,6,0,0,0.3,1,0,253.0
12.78,14,4,2,0,3.3,0,0,379.0
2.17,12,1,2,0,7.2,0,0,385.0
3.1,18,1,5,0,6.3,0,1,711.0
6.77,19,5,6,4,18.2,1,1,782.0
13.78,8,6,6,1,18.4,1,1,842.0
4.91,7,0,4,0,6.0,0,0,288.0
4.43,11,1,4,1,9.7,0,0,459.0
6.48,14,4,3,0,10.1,0,0,373.0
9.62,10,1,9,2,21.6,0,1,856.0
5.75,16,0,6,4,16.5,0,0,531.0
14.95,13,6,4,0,9.2,1,0,272.0
15.36,20,0,8,0,12.8,0,1,819.0
6.77,11,1,3,1,5.7,0,0,390.0
24.01,7,6,4,0,10.9,1,0,127.0
7.85,9,0,7,0,17.1,0,1,889.0
15.03,16,5,4,1,12.6,1,0,384.0
9.44,9,3,8,1,20.4,0,1,810.0
9.32,9,3,7,0,21.3,0,1,821.0
1.71,10,5,6,2,18.8,1,1,838.0
2.87,18,0,6,0,8.3,0,1,852.0
5.98,21,0,2,0,4.9,0,0,455.0
15.29,10,1,6,2,16.2,0,1,808.0
9.53,8,3,6,1,11.0,0,1,828.0
6.02,11,6,3,1,8.2,1,0,410.0
11.39,10,0,8,1,14.8,0,1,801.0
14.92,23,2,5,1,13.2,0,0,453.0
7.5,12,3,4,3,12.4,0,0,339.0
8.75,17,1,6,1,11.6,0,1,693.0
7.98,20,2,6,0,13.6,0,1,813.0
7.16,16,1,3,2,9.5,0,0,467.0
3.97,8,0,4,0,8.3,0,1,726.0
3.71,16,3,2,2,11.4,0,0,395.0
11.34,11,6,4,0,5.7,1,0,277.0
15.11,11,2,6,0,11.3,0,0,435.0
6.01,22,4,5,2,14.6,0,0,346.0
5.9,9,4,7,1,12.3,0,1,848.0
1.26,12,5,0,0,0.5,1,0,258.0
1.02,8,5,5,0,6.1,1,1,699.0
17.68,8,6,7,2,16.8,1,1,697.0
4.18,16,5,5,5,18.9,1,0,375.0
30.04,18,6,7,0,13.2,1,1,545.0
4.81,16,6,3,0,12.8,1,0,422.0
1.77,9,5,7,0,10.7,1,1,692.0
8.02,6,3,3,0,20.2,0,0,477.0
12.68,12,2,7,0,16.2,0,0,403.0
11.75,13,3,3,3,28.6,0,0,478.0
13.53,18,5,5,1,12.5,1,1,634.0
3.32,16,5,2,0,4.0,1,0,276.0
17.4,19,3,8,0,13.7,0,1,756.0
18.07,18,0,7,0,19.0,0,1,858.0
18.58,10,1,7,1,13.5,0,1,883.0
8.97,16,4,6,0,10.8,0,0,464.0
5.66,18,2,6,0,8.1,0,1,752.0
5.27,21,3,3,1,6.2,0,0,333.0
1.76,11,2,5,0,8.7,0,0,374.0
4.89,17,0,8,1,17.3,0,1,945.0
0.54,11,3,6,3,13.8,0,0,451.0
1.52,18,3,6,0,8.0,0,1,769.0
8.9,20,5,4,0,5.9,1,1,639.0
6.17,20,0,8,3,18.8,0,1,729.0
8.63,8,3,5,0,7.0,0,1,667.0
12.03,8,5,6,0,13.4,1,1,594.0
9.77,18,1,8,2,17.1,0,1,809.0
9.21,16,2,5,1,10.0,0,0,458.0
7.0,20,0,8,4,23.9,0,1,972.0
4.06,9,4,7,0,10.0,0,1,768.0
2.52,19,5,4,0,4.4,1,1,626.0
5.0,17,3,8,0,12.0,0,1,820.0
7.09,8,2,7,0,10.9,0,1,748.0
7.75,7,5,2,1,6.7,1,0,320.0
13.55,17,3,7,0,13.5,0,1,802.0
6.63,8,2,8,0,17.1,0,1,672.0
10.88,18,5,6,0,13.5,1,1,718.0
2.02,15,1,2,0,1.8,0,0,390.0
8.99,13,5,2,0,3.3,1,0,281.0
8.55,9,1,8,1,13.5,0,1,901.0
17.41,22,3,3,0,7.5,0,0,241.0
6.17,17,1,6,2,19.2,0,1,761.0
5.97,18,4,7,0,12.0,0,1,801.0
12.09,18,3,8,0,19.5,0,1,679.0
2.71,15,1,7,4,23.8,0,0,579.0
8.83,20,5,8,4,23.6,1,1,862.0
2.58,15,6,0,0,0.0,1,0,272.0
22.5,14,0,6,0,19.6,0,0,420.0
5.38,9,3,9,3,18.5,0,1,891.0
2.43,9,5,3,1,13.7,1,1,652.0
4.97,18,5,4,0,9.1,1,1,628.0
8.87,10,1,6,0,12.4,0,1,789.0
10.65,17,0,8,0,21.5,0,1,738.0
16.82,21,3,2,2,11.7,0,0,461.0
4.5,12,4,4,1,7.2,0,0,393.0
12.46,7,2,4,0,17.7,0,0,452.0
1.52,17,2,3,0,3.7,0,1,733.0
3.12,1,3,4,0,5.5,0,0,355.0
2.08,18,3,8,2,18.3,0,1,965.0
3.87,14,3,4,3,16.6,0,0,561.0
12.09,13,4,3,1,9.6,0,0,298.0
4.59,15,6,2,2,6.7,1,0,319.0
5.31,14,5,0,0,9.8,1,0,278.0
9.03,9,0,7,1,12.7,0,1,683.0
10.35,9,2,7,0,10.9,0,1,655.0
5.44,11,0,2,0,9.4,0,0,340.0
3.1,19,6,6,0,12.7,1,1,633.0
20.18,7,4,5,3,15.5,0,0,375.0
5.46,9,1,7,0,9.4,0,1,721.0
5.9,8,5,5,0,9.6,1,1,665.0
6.48,11,3,5,3,13.6,0,0,440.0
11.1,7,0,6,2,26.5,0,0,582.0
1.92,18,1,6,0,8.8,0,1,807.0
25.24,7,5,4,0,11.2,1,0,300.0
5.77,17,2,9,3,19.4,0,1,805.0
11.36,9,3,7,0,10.2,0,1,738.0
2.45,12,6,4,0,5.2,1,0,345.0
8.4,8,2,6,0,10.6,0,1,799.0
22.8,17,0,7,0,15.9,0,1,702.0
20.79,21,0,4,1,13.0,0,0,351.0
11.16,8,6,7,2,15.8,1,1,708.0
3.65,21,4,3,0,3.3,0,0,380.0
16.25,9,2,8,5,22.8,0,1,1000.0
1.51,15,0,5,1,10.6,0,0,498.0
3.54,17,4,9,1,20.9,0,1,895.0
7.03,8,0,6,0,10.5,0,1,702.0
1.66,12,0,2,0,1.3,0,0,308.0
4.96,6,4,6,1,10.9,0,0,470.0
12.63,17,4,8,2,16.9,0,1,904.0
4.21,11,3,4,0,5.3,0,0,407.0
13.03,19,6,6,0,11.2,1,1,654.0
29.52,9,1,7,0,14.6,0,1,662.0
9.79,20,3,6,0,9.3,0,1,657.0
12.88,7,2,4,0,8.1,0,0,415.0
16.61,16,2,3,0,6.1,0,0,332.0
5.33,9,1,7,0,16.9,0,1,849.0
12.68,8,5,7,3,16.8,1,1,751.0
5.23,7,4,3,2,9.0,0,0,378.0
9.32,17,4,8,0,14.5,0,1,829.0
13.97,8,0,8,0,12.8,0,1,712.0
3.8,15,0,4,0,5.5,0,0,434.0
0.61,22,5,2,0,6.8,1,0,310.0
3.5,9,4,5,2,11.2,0,1,898.0
15.35,6,0,3,0,5.8,0,0,300.0
3.13,7,4,3,3,9.8,0,0,382.0
14.79,7,6,3,0,9.6,1,0,251.0
3.51,12,5,4,5,21.4,1,0,487.0
6.32,18,1,8,2,28.8,0,1,732.0
7.39,9,2,9,2,18.7,0,1,935.0
3.12,7,5,2,4,10.0,1,0,355.0
6.37,16,2,2,0,9.5,0,0,317.0
1.77,9,5,5,0,9.0,1,1,667.0
5.71,15,6,2,0,13.9,1,0,268.0
6.95,20,2,6,2,19.2,0,1,759.0
0.65,9,4,9,3,17.9,0,1,808.0
3.47,13,3,5,0,10.3,0,0,499.0
9.12,18,3,8,2,15.7,0,1,814.0
2.81,17,0,5,0,6.2,0,1,742.0
10.19,18,6,6,0,8.6,1,1,719.0
10.88,18,3,8,1,14.7,0,1,826.0
9.09,14,1,3,0,4.1,0,0,282.0
12.57,14,4,5,0,8.9,0,0,451.0
1.65,17,2,7,2,12.8,0,1,944.0
14.39,17,5,8,1,15.5,1,1,750.0
3.16,17,5,6,1,9.5,1,1,664.0
8.02,10,2,7,0,12.1,0,1,708.0
22.23,18,4,8,0,15.5,0,1,706.0
5.61,8,0,9,1,15.3,0,1,873.0
7.53,8,6,8,3,17.5,1,1,870.0
3.18,10,3,6,0,10.6,0,1,750.0
22.09,9,4,7,2,16.6,0,1,735.0
3.48,17,4,6,2,12.2,0,1,888.0
11.54,8,2,5,2,17.2,0,1,762.0
16.59,17,4,8,1,15.3,0,1,902.0
12.28,13,2,3,0,5.0,0,0,355.0
9.49,7,4,4,2,12.7,0,0,515.0
7.93,9,0,8,0,11.8,0,1,837.0
2.43,14,1,3,0,5.3,0,0,451.0
21.46,18,6,8,0,14.3,1,1,660.0
8.95,11,5,2,0,2.7,1,0,257.0
7.53,8,0,6,1,15.8,0,1,831.0
2.94,9,1,6,3,13.9,0,1,896.0
7.8,7,3,4,0,5.9,0,0,436.0
7.19,5,0,5,0,6.8,0,0,322.0
22.23,22,2,5,4,18.6,0,0,467.0
7.53,7,2,2,0,7.9,0,0,336.0
7.71,7,0,5,0,7.4,0,0,395.0
2.98,19,2,6,3,14.6,0,1,878.0
4.09,17,2,9,4,31.3,0,1,1000.0
10.62,12,0,3,1,9.3,0,0,384.0
1.34,17,4,7,0,11.9,0,1,944.0
14.34,20,1,9,1,15.8,0,1,763.0
14.59,7,0,6,3,16.7,0,0,558.0
3.74,8,0,7,3,17.0,0,1,898.0
9.51,19,6,7,0,10.0,1,1,706.0
16.94,18,0,9,3,21.3,0,1,945.0
6.77,23,6,7,1,14.5,1,0,375.0
5.85,9,1,5,0,10.4,0,1,842.0
6.42,21,0,1,0,0.5,0,0,328.0
8.94,10,3,8,0,11.7,0,1,770.0
4.53,17,6,7,4,17.9,1,1,716.0
5.48,19,0,7,0,13.8,0,1,908.0
9.06,8,2,6,2,17.0,0,1,885.0
5.13,8,5,5,0,8.3,1,1,643.0
2.75,15,0,5,2,11.6,0,0,523.0
1.21,19,1,6,0,9.4,0,1,808.0
7.64,7,2,5,4,20.7,0,0,503.0
16.26,19,5,5,1,14.6,1,1,713.0
9.85,10,5,7,2,16.0,1,1,700.0
2.84,11,4,5,1,18.7,0,0,366.0
4.06,10,4,5,1,8.2,0,1,796.0
5.82,20,0,7,4,17.5,0,1,882.0
22.68,7,1,5,0,11.3,0,0,336.0
23.47,15,6,3,3,13.2,1,0,236.0
21.74,7,5,4,0,15.0,1,0,186.0
8.21,20,1,7,1,13.1,0,1,791.0
40.0,18,4,9,3,28.3,0,1,726.0
4.23,8,5,8,3,16.7,1,1,855.0
5.66,9,5,6,0,23.7,1,1,765.0
13.61,10,6,6,0,9.5,1,1,626.0
9.09,11,3,2,2,8.7,0,0,431.0
9.46,18,0,7,0,11.2,0,1,781.0
3.28,15,5,2,4,9.9,1,0,351.0
7.15,11,0,3,0,6.0,0,0,387.0
4.28,17,4,6,0,8.7,0,1,891.0
2.27,12,5,5,2,9.9,1,0,436.0
4.7,7,0,3,0,13.6,0,0,406.0
9.1,7,5,1,0,3.8,1,0,302.0
12.17,9,5,7,0,12.8,1,1,741.0
1.17,16,4,6,5,22.9,0,0,607.0
7.4,7,2,5,1,12.0,0,0,437.0
6.92,14,1,7,5,20.2,0,0,552.0
8.77,9,4,9,0,15.6,0,1,775.0
2.89,17,1,5,0,8.0,0,1,782.0
2.94,5,4,2,0,6.7,0,0,356.0
16.55,12,1,5,0,15.1,0,0,385.0
3.78,6,2,3,0,5.7,0,0,442.0
5.45,9,3,6,0,12.5,0,1,892.0
5.89,4,1,2,0,4.0,0,0,394.0
4.35,12,5,3,2,11.5,1,0,351.0
10.4,18,4,7,0,11.9,0,1,784.0
9.81,7,0,4,1,7.8,0,0,484.0
6.69,18,5,4,0,7.2,1,1,667.0
4.56,15,5,4,1,13.0,1,0,376.0
6.3,13,5,3,2,9.6,1,0,358.0
7.86,16,4,6,2,17.3,0,0,417.0
4.07,10,4,5,3,12.8,0,1,846.0
10.93,17,2,7,0,19.1,0,1,752.0
14.27,18,1,6,0,13.0,0,1,776.0
18.39,18,1,9,3,21.9,0,1,813.0
17.67,9,2,10,4,25.7,0,1,939.0
5.86,17,2,7,1,13.5,0,1,815.0
8.14,7,5,2,0,3.6,1,0,201.0
6.59,13,3,4,2,12.1,0,0,439.0
6.58,0,2,4,5,15.1,0,0,640.0
6.27,8,5,4,0,16.6,1,1,537.0
7.5,16,5,3,0,3.8,1,0,302.0
15.82,19,6,6,3,22.5,1,1,666.0
9.29,6,2,6,2,15.5,0,0,573.0
2.78,15,1,4,0,7.5,0,0,481.0
13.87,16,0,5,0,15.6,0,0,436.0
8.68,20,1,7,1,17.6,0,1,879.0
10.48,17,4,7,2,17.2,0,1,843.0
9.16,7,5,3,2,12.0,1,0,337.0
9.46,7,4,4,0,8.4,0,0,369.0
9.76,16,6,0,0,0.0,1,0,194.0
1.45,8,4,9,2,16.8,0,1,876.0
10.39,20,6,5,0,7.7,1,1,647.0
4.21,20,1,6,0,9.8,0,1,675.0
5.12,21,2,4,1,7.1,0,0,496.0
7.46,9,5,5,0,8.8,1,1,780.0
20.25,17,4,7,2,17.0,0,1,758.0
3.22,17,3,7,0,19.4,0,1,910.0
7.27,6,6,4,2,10.0,1,0,349.0
6.15,9,5,3,1,11.0,1,1,617.0
13.74,8,2,6,1,12.7,0,1,745.0
6.03,10,4,9,3,25.3,0,1,928.0
8.75,21,2,4,0,9.4,0,0,368.0
3.23,19,2,8,2,17.2,0,1,915.0
15.28,9,5,5,0,7.8,1,1,593.0
2.09,14,4,6,5,18.9,0,0,511.0
10.3,8,0,5,0,9.2,0,1,740.0
8.79,9,4,7,1,14.3,0,1,772.0
9.71,6,4,2,0,6.8,0,0,343.0
2.12,16,3,3,0,5.7,0,0,408.0
5.93,17,2,5,0,6.5,0,1,672.0
13.31,19,4,8,0,13.7,0,1,883.0
22.19,19,6,6,0,13.8,1,1,678.0
6.88,8,0,6,0,12.2,0,1,746.0
12.49,18,4,9,2,21.9,0,1,868.0
8.2,7,6,1,0,2.6,1,0,287.0
7.15,10,2,7,0,9.9,0,1,806.0
5.42,14,2,4,4,13.6,0,0,607.0
7.48,6,1,5,1,16.9,0,0,457.0
11.76,8,1,7,0,15.4,0,1,861.0
12.41,9,2,8,0,15.3,0,1,724.0
2.55,7,5,2,0,8.4,1,0,239.0
5.05,20,1,4,1,8.3,0,1,859.0
3.09,9,1,7,3,15.6,0,1,845.0
7.76,13,6,4,1,7.2,1,0,263.0
5.77,23,6,4,5,16.1,1,0,421.0
9.48,15,1,2,2,8.1,0,0,471.0
9.94,11,2,6,5,20.7,0,0,500.0
0.77,20,2,7,1,13.8,0,1,845.0
7.44,8,2,6,1,12.3,0,1,684.0
16.02,8,1,8,2,17.8,0,1,795.0
5.05,14,0,3,2,8.9,0,0,496.0
4.94,11,4,4,0,7.7,0,0,376.0
14.26,18,0,7,0,13.6,0,1,696.0
12.79,6,4,2,0,6.1,0,0,300.0
3.37,16,0,3,0,5.6,0,0,369.0
11.97,17,1,7,3,19.2,0,1,888.0
4.03,22,0,6,2,16.4,0,0,540.0
4.9,7,2,4,0,5.7,0,0,451.0
3.37,8,2,6,0,15.0,0,1,810.0
2.53,20,2,6,0,16.0,0,1,777.0
8.08,16,2,5,2,16.1,0,0,433.0
2.19,6,6,3,3,17.1,1,0,423.0
8.32,6,3,4,0,7.9,0,0,504.0
8.13,18,5,7,0,14.2,1,1,656.0
6.66,15,1,5,4,16.5,0,0,454.0
5.24,15,3,6,1,11.2,0,0,414.0
4.47,19,0,9,3,29.5,0,1,992.0
3.01,8,1,7,0,10.1,0,1,810.0
18.48,8,0,7,0,14.1,0,1,788.0
6.44,16,0,4,1,7.2,0,0,398.0
6.28,19,1,6,0,10.9,0,1,820.0
3.51,9,1,7,3,16.0,0,1,853.0
17.24,17,2,9,2,21.2,0,1,753.0
4.7,7,5,1,0,0.6,1,0,314.0
8.88,8,1,6,0,8.9,0,1,763.0
10.09,20,4,7,2,17.8,0,1,813.0
8.09,7,2,4,4,13.4,0,0,499.0
2.14,5,2,4,0,4.6,0,0,340.0
11.64,18,6,6,2,13.8,1,1,731.0
4.66,10,3,8,0,18.0,0,1,811.0
12.71,11,1,5,3,13.6,0,0,456.0
7.11,18,1,7,1,14.4,0,1,890.0
10.51,8,1,6,0,9.7,0,1,798.0
16.52,17,5,7,2,17.1,1,1,700.0
11.35,9,4,8,2,23.3,0,1,855.0
10.68,7,1,5,2,17.4,0,0,319.0
11.99,17,3,7,0,14.1,0,1,735.0
3.91,9,3,10,2,17.8,0,1,924.0
13.06,19,0,8,2,18.5,0,1,793.0
6.08,20,6,4,0,5.2,1,1,561.0
6.23,19,5,4,0,9.2,1,1,680.0
7.91,9,3,9,3,20.3,0,1,978.0
5.66,8,5,5,1,11.6,1,1,650.0
3.26,19,0,7,0,10.5,0,1,865.0
7.48,12,6,4,3,12.0,1,0,420.0
6.25,17,4,8,0,11.4,0,1,761.0
6.09,18,6,5,2,11.0,1,1,660.0
6.94,9,6,6,0,12.9,1,1,804.0
0.87,7,4,3,0,9.5,0,0,362.0
6.12,16,2,5,5,18.3,0,0,501.0
17.85,15,4,5,2,13.7,0,0,547.0
16.95,9,3,8,0,13.4,0,1,744.0
7.67,15,2,4,4,16.5,0,0,574.0
7.49,18,4,9,4,20.7,0,1,855.0
0.61,10,6,7,2,19.0,1,1,797.0
4.87,8,1,8,0,16.6,0,1,907.0
11.91,17,3,7,0,11.3,0,1,748.0
5.56,18,5,6,2,13.6,1,1,738.0
14.63,21,2,4,3,12.5,0,0,480.0
14.06,7,2,3,0,4.7,0,0,301.0
4.8,19,0,5,0,6.5,0,1,892.0
8.09,18,2,7,0,10.4,0,1,853.0
18.76,17,4,8,0,12.8,0,1,747.0
2.09,9,6,5,1,14.5,1,1,704.0
5.65,5,3,2,0,2.4,0,0,482.0
1.89,13,2,4,1,6.9,0,0,427.0
3.68,9,5,7,1,11.7,1,1,710.0
22.28,9,1,8,0,13.6,0,1,823.0
5.65,20,1,8,3,19.5,0,1,805.0
1.14,7,3,5,0,7.7,0,0,453.0
3.23,20,5,8,0,11.5,1,1,749.0
1.69,13,1,3,0,4.2,0,0,367.0
8.31,19,0,7,1,11.8,0,1,714.0
9.99,9,5,6,0,13.8,1,1,689.0
13.18,16,4,4,4,14.0,0,0,502.0
11.49,15,4,5,0,16.4,0,0,397.0
2.19,20,2,6,0,7.8,0,1,721.0
9.65,8,0,8,2,15.9,0,1,922.0
6.72,8,2,8,4,19.1,0,1,929.0
14.44,21,3,3,1,8.0,0,0,355.0
12.36,7,3,1,0,1.6,0,0,372.0
24.12,16,6,5,0,10.8,1,0,288.0
3.46,6,1,4,0,10.8,0,0,546.0
3.05,6,2,4,1,7.2,0,0,484.0
5.11,16,1,4,1,9.6,0,0,358.0
6.92,14,3,1,0,6.5,0,0,317.0
4.35,15,5,2,1,5.1,1,0,269.0
3.62,12,6,2,2,10.6,1,0,358.0
9.21,18,1,5,0,7.4,0,1,723.0
5.1,23,3,1,0,4.7,0,0,292.0
4.21,9,5,5,2,11.9,1,1,750.0
2.18,9,0,6,0,8.9,0,1,855.0
0.69,9,4,6,0,9.8,0,1,798.0
17.3,18,0,8,0,14.0,0,1,791.0
16.97,10,0,10,1,18.0,0,1,784.0
12.61,17,0,8,1,14.6,0,1,784.0
10.71,12,6,2,1,5.2,1,0,249.0
4.74,16,4,5,0,6.4,0,0,471.0
11.01,18,5,4,1,12.0,1,1,668.0
2.86,13,4,1,0,3.7,0,0,346.0
7.95,13,5,2,2,9.5,1,0,295.0
3.92,9,3,10,5,24.4,0,1,857.0
11.04,14,5,3,1,8.7,1,0,401.0
19.56,9,0,6,0,12.6,0,1,603.0
3.22,19,4,6,2,12.9,0,1,856.0
4.92,11,5,1,0,1.2,1,0,262.0
7.84,7,6,1,0,7.0,1,0,248.0
1.3,8,2,10,4,21.4,0,1,964.0
1.78,14,1,3,0,6.6,0,0,376.0
19.2,20,5,8,0,16.8,1,1,727.0
9.24,9,0,6,1,10.7,0,1,704.0
4.53,9,5,6,1,11.1,1,1,735.0
7.26,11,4,4,1,8.7,0,0,389.0
5.13,21,4,4,0,5.0,0,0,388.0
8.01,19,2,8,2,26.7,0,1,862.0
5.28,7,0,4,0,6.7,0,0,408.0
6.85,16,4,6,4,18.4,0,0,569.0
11.7,18,2,6,0,10.5,0,1,755.0
11.2,18,2,8,0,11.7,0,1,855.0
18.52,13,1,4,1,9.6,0,0,444.0
9.7,17,2,6,0,11.0,0,1,786.0
7.6,15,5,3,1,6.8,1,0,355.0
20.28,8,6,7,0,12.1,1,1,773.0
6.34,6,2,3,0,3.8,0,0,302.0
0.78,10,0,6,0,7.6,0,1,862.0
12.72,6,0,2,0,7.9,0,0,445.0
8.92,11,1,1,0,4.5,0,0,367.0
7.34,18,0,6,0,8.7,0,1,885.0
12.94,19,4,8,0,12.2,0,1,899.0
5.32,6,4,4,2,8.9,0,0,433.0
0.83,6,5,4,2,8.3,1,0,366.0
13.11,17,2,7,0,12.9,0,1,808.0
4.4,13,5,2,0,3.9,1,0,250.0
3.34,7,1,3,0,3.3,0,0,562.0
0.89,18,1,7,0,10.5,0,1,871.0
12.39,8,6,4,0,7.1,1,1,620.0
0.5,6,6,2,0,1.5,1,0,214.0
16.43,18,4,9,5,25.0,0,1,918.0
5.72,16,4,4,2,11.1,0,0,386.0
12.78,11,4,4,0,14.7,0,0,454.0
9.9,17,5,5,0,12.5,1,1,513.0
22.67,20,1,8,0,17.3,0,1,847.0
9.72,6,0,3,0,4.0,0,0,347.0
16.04,16,1,5,1,12.4,0,0,318.0
4.8,8,2,7,0,10.6,0,1,805.0
1.77,13,1,5,0,7.9,0,0,457.0
14.1,11,3,3,0,7.8,0,0,360.0
1.71,11,0,3,1,6.1,0,0,511.0
12.3,8,4,8,0,12.7,0,1,820.0
3.0,18,4,8,4,18.7,0,1,960.0
9.04,10,0,7,0,12.9,0,1,779.0
22.94,19,2,10,0,16.7,0,1,822.0
11.67,10,3,6,0,11.2,0,1,681.0
6.36,19,0,9,1,14.7,0,1,877.0
10.06,14,4,3,0,6.6,0,0,333.0
4.94,10,5,7,0,11.6,1,1,798.0
28.54,17,2,8,0,25.1,0,1,765.0
4.14,18,0,7,0,10.4,0,1,848.0
6.89,13,3,3,0,5.2,0,0,404.0
10.98,11,6,2,1,10.8,1,0,401.0
9.56,15,2,3,1,6.8,0,0,302.0
10.32,15,5,3,1,8.3,1,0,300.0
5.02,11,6,4,4,14.4,1,0,351.0
6.16,18,1,7,0,10.8,0,1,678.0
13.68,11,4,3,3,14.3,0,0,366.0
13.24,12,0,4,0,7.7,0,0,456.0
9.72,16,3,5,0,9.2,0,0,422.0
17.34,22,6,4,1,11.8,1,0,290.0
14.03,9,6,6,0,10.9,1,1,704.0
12.98,8,1,10,0,16.2,0,1,847.0
1.68,8,4,6,1,10.6,0,1,853.0
9.64,17,0,7,0,11.5,0,1,806.0
8.48,12,1,2,0,5.0,0,0,395.0
18.76,11,5,3,2,12.3,1,0,267.0
6.6,8,4,8,0,13.9,0,1,889.0
7.99,19,2,6,0,10.9,0,1,702.0
2.96,12,6,0,0,1.2,1,0,245.0
3.5,16,5,4,3,15.1,1,0,469.0
18.8,7,0,6,4,18.0,0,0,474.0
10.29,7,0,5,1,13.1,0,0,421.0
22.97,6,4,4,0,10.7,0,0,488.0
6.51,10,6,4,0,9.7,1,1,737.0
2.11,12,1,3,0,2.8,0,0,411.0
5.83,8,3,8,2,15.1,0,1,803.0
5.09,10,5,6,1,10.3,1,1,588.0
11.94,0,6,4,2,14.1,1,0,391.0
11.62,10,4,6,0,17.1,0,1,853.0
10.64,7,6,4,3,13.6,1,0,391.0
27.48,7,6,3,0,9.1,1,0,115.0
16.7,0,5,2,0,4.8,1,0,245.0
3.71,17,4,7,0,9.5,0,1,779.0
14.34,20,6,6,1,13.7,1,1,688.0
7.62,16,0,5,3,16.3,0,0,613.0
6.38,7,0,4,0,10.1,0,0,471.0
18.04,23,3,6,4,19.2,0,0,525.0
3.51,22,4,1,0,0.8,0,0,352.0
13.72,12,6,1,0,3.5,1,0,252.0
12.33,7,4,3,0,7.3,0,0,327.0
3.45,17,1,5,0,13.9,0,1,819.0
1.62,21,6,3,3,11.5,1,0,372.0
7.02,18,0,8,0,13.7,0,1,774.0
15.42,16,0,5,0,9.1,0,0,447.0
9.62,16,5,2,0,3.4,1,0,129.0
18.41,22,6,4,2,16.5,1,0,294.0
9.17,6,3,6,4,17.9,0,0,563.0
19.2,7,0,5,2,19.5,0,0,514.0
4.67,18,0,8,0,11.4,0,1,855.0
10.61,7,6,2,0,3.9,1,0,220.0
5.51,10,1,7,0,14.4,0,1,811.0
6.86,9,4,7,4,17.8,0,1,892.0
7.97,8,2,5,0,7.4,0,1,840.0
9.59,5,1,4,4,14.4,0,0,533.0
4.17,15,4,3,2,7.8,0,0,492.0
10.27,11,5,3,2,10.3,1,0,331.0
7.69,14,3,4,2,10.6,0,0,383.0
2.23,9,3,6,0,7.8,0,1,707.0
1.37,21,3,3,0,3.2,0,0,389.0
15.46,15,4,6,0,11.9,0,0,466.0
6.61,21,5,1,0,11.2,1,0,252.0
2.0,10,4,6,2,13.7,0,1,872.0
21.21,0,1,3,0,7.7,0,0,284.0
10.99,18,1,8,3,17.7,0,1,821.0
9.42,18,4,9,3,22.0,0,1,982.0
3.86,6,4,4,0,5.7,0,0,468.0
2.2,16,2,4,0,14.1,0,0,436.0
8.49,17,5,5,0,7.6,1,1,605.0
7.34,7,2,3,0,13.8,0,0,469.0
3.01,14,2,5,1,9.0,0,0,520.0
2.91,8,3,4,2,14.9,0,1,840.0
2.78,4,1,4,2,10.9,0,0,460.0
2.69,19,4,7,0,15.0,0,1,763.0
4.55,13,6,5,3,15.2,1,0,416.0
9.42,18,6,4,1,10.5,1,1,740.0
10.54,17,3,9,5,24.4,0,1,873.0
7.23,23,1,3,2,22.6,0,0,470.0
8.21,12,3,2,2,7.9,0,0,499.0
10.88,11,0,3,0,5.5,0,0,353.0
1.01,9,4,9,3,17.8,0,1,915.0
8.68,16,3,5,0,7.3,0,0,342.0
17.18,13,0,3,0,6.2,0,0,383.0
6.48,17,3,7,0,10.6,0,1,754.0
15.05,10,5,5,0,15.3,1,1,555.0
6.57,7,1,4,0,10.0,0,0,365.0
11.37,19,2,8,0,13.1,0,1,815.0
9.29,18,6,6,2,13.2,1,1,619.0
2.74,10,4,8,1,14.0,0,1,775.0
3.35,17,5,6,4,19.1,1,1,820.0
19.2,13,3,6,2,14.4,0,0,438.0
13.06,18,3,8,0,15.0,0,1,745.0
6.91,11,3,5,2,10.9,0,0,450.0
6.25,14,3,2,1,6.1,0,0,494.0
3.88,6,1,3,0,4.5,0,0,477.0
9.84,8,0,9,5,24.8,0,1,926.0
4.17,18,5,7,4,21.3,1,1,856.0
5.64,10,3,7,0,14.4,0,1,821.0
4.53,6,3,6,3,14.1,0,0,415.0
12.53,8,4,5,0,8.8,0,1,613.0
6.7,11,2,5,4,15.9,0,0,459.0
8.26,17,6,4,1,12.1,1,1,571.0
2.79,10,3,7,0,10.7,0,1,832.0
4.51,18,3,8,2,17.1,0,1,840.0
8.39,19,3,10,1,17.2,0,1,903.0
1.72,10,1,7,0,9.2,0,1,842.0
6.33,18,1,8,2,17.2,0,1,907.0
7.4,7,1,5,2,11.4,0,0,413.0
2.47,11,1,3,0,5.4,0,0,440.0
14.62,7,1,5,2,12.6,0,0,383.0
9.52,6,1,4,0,5.7,0,0,439.0
6.66,6,6,0,0,7.4,1,0,326.0
4.25,7,2,4,1,8.8,0,0,487.0
1.65,19,5,5,0,7.4,1,1,674.0
13.89,14,2,6,0,20.1,0,0,490.0
5.24,21,5,4,4,14.2,1,0,315.0
2.11,14,5,2,2,15.7,1,0,256.0
4.15,16,5,3,1,6.0,1,0,355.0
10.22,8,2,7,1,13.9,0,1,884.0
8.85,14,0,5,3,22.5,0,0,436.0
3.02,10,2,6,3,15.6,0,1,854.0
15.53,20,4,7,0,11.2,0,1,786.0
2.08,20,4,6,0,12.1,0,1,768.0
17.62,8,4,7,0,14.4,0,1,740.0
8.59,16,6,3,0,4.6,1,0,326.0
5.56,16,1,3,0,4.4,0,0,399.0
6.17,15,3,4,1,10.1,0,0,445.0
7.9,7,3,5,2,18.7,0,0,430.0
10.77,17,1,8,3,21.8,0,1,871.0
1.36,18,4,9,0,12.3,0,1,839.0
4.04,10,0,7,0,12.7,0,1,795.0
7.72,13,6,1,0,2.0,1,0,217.0
15.91,7,0,3,0,6.2,0,0,349.0
15.52,20,0,6,0,9.6,0,1,685.0
19.97,7,1,5,5,18.9,0,0,478.0
15.04,8,6,6,0,15.2,1,1,644.0
3.78,9,6,5,2,18.0,1,1,679.0
7.37,18,6,5,0,15.3,1,1,566.0
15.1,17,5,7,1,13.2,1,1,748.0
14.15,0,6,3,3,12.3,1,0,374.0
6.41,8,3,9,4,22.8,0,1,879.0
10.57,18,0,5,0,8.8,0,1,780.0
5.22,11,3,4,3,10.8,0,0,411.0
1.92,5,1,2,0,7.2,0,0,381.0
6.83,21,1,5,2,10.6,0,0,437.0
6.53,7,4,2,0,3.2,0,0,350.0
5.03,13,1,6,1,10.6,0,0,520.0
10.8,8,2,6,2,17.4,0,1,785.0
6.25,18,2,9,3,25.1,0,1,901.0
9.8,18,0,9,3,19.1,0,1,932.0
12.37,11,4,4,0,5.9,0,0,388.0
29.58,17,5,8,3,20.6,1,1,659.0
6.92,20,3,9,0,15.2,0,1,861.0
16.05,18,0,10,0,23.2,0,1,907.0
8.76,11,5,2,0,3.6,1,0,331.0
9.12,12,3,4,0,8.5,0,0,327.0
6.99,19,1,6,0,11.6,0,1,705.0
8.23,6,6,1,1,3.2,1,0,325.0
6.29,5,6,3,0,4.3,1,0,281.0
14.28,8,3,8,1,19.9,0,1,691.0
4.16,18,3,5,0,6.6,0,1,717.0
1.9,7,6,3,2,9.8,1,0,337.0
4.9,9,1,7,0,11.1,0,1,788.0
4.49,16,2,3,0,4.0,0,0,442.0
4.89,8,3,6,1,10.9,0,1,747.0
6.72,9,2,9,4,22.8,0,1,982.0
4.91,12,2,7,5,19.4,0,0,599.0
6.65,8,0,7,0,21.6,0,1,754.0
4.92,23,1,6,4,19.6,0,0,531.0
9.94,8,2,6,1,13.1,0,1,816.0
29.41,19,5,7,3,20.2,1,1,679.0
8.64,12,2,4,0,9.4,0,0,434.0
5.08,7,1,2,0,2.5,0,0,335.0
0.6,7,5,2,0,2.5,1,0,334.0
23.44,13,2,6,2,15.6,0,0,403.0
8.98,10,6,5,0,15.9,1,1,830.0
6.61,8,0,7,0,16.4,0,1,736.0
0.66,21,0,4,1,7.8,0,0,618.0
6.87,12,6,3,4,17.0,1,0,333.0
8.18,20,0,6,1,14.4,0,1,875.0
4.94,8,0,7,2,17.2,0,1,903.0
2.28,8,4,8,0,23.3,0,1,819.0
2.14,16,2,6,3,15.5,0,0,573.0
23.68,9,3,7,0,13.1,0,1,699.0
8.01,8,2,6,0,11.0,0,1,791.0
4.93,7,2,3,0,5.0,0,0,406.0
7.67,6,3,3,0,5.8,0,0,366.0
7.3,18,1,7,1,11.9,0,1,787.0
2.03,9,1,8,1,14.0,0,1,881.0
13.66,22,1,6,0,9.4,0,0,371.0
6.48,8,0,6,0,9.9,0,1,727.0
8.09,10,3,7,0,13.2,0,1,856.0
18.8,10,3,8,0,14.2,0,1,798.0
2.35,13,0,4,3,12.2,0,0,412.0
3.98,19,3,6,1,10.0,0,1,744.0
9.32,19,5,6,0,9.2,1,1,545.0
13.49,1,0,6,0,10.8,0,0,484.0
4.57,11,2,4,2,15.2,0,0,516.0
4.78,18,6,5,2,10.4,1,1,642.0
11.46,0,2,5,4,15.5,0,0,530.0
27.98,14,0,3,0,12.5,0,0,435.0
7.86,9,3,7,1,17.8,0,1,736.0
3.97,11,2,4,0,5.2,0,0,383.0
3.05,11,1,3,2,9.8,0,0,354.0
6.71,11,0,0,0,12.0,0,0,413.0
13.08,19,6,6,1,12.5,1,1,675.0
35.75,14,5,3,0,7.9,1,0,153.0
5.89,20,4,7,2,17.6,0,1,864.0
7.87,17,0,6,0,22.5,0,1,777.0
21.21,10,6,8,3,21.3,1,1,710.0
9.21,13,3,3,0,9.7,0,0,408.0
8.68,11,3,5,2,11.3,0,0,426.0
18.65,18,6,7,0,17.8,1,1,647.0
8.0,8,3,7,1,14.0,0,1,807.0
3.28,20,1,7,2,15.7,0,1,862.0
16.25,15,1,4,0,10.0,0,0,415.0
1.71,16,6,2,0,9.5,1,0,352.0
14.51,14,3,2,0,3.8,0,0,242.0
7.42,15,4,5,0,7.5,0,0,514.0
5.94,17,4,8,1,19.9,0,1,865.0
5.82,17,1,6,0,10.2,0,1,763.0
6.69,8,2,4,0,6.6,0,1,677.0
5.3,15,6,2,0,3.8,1,0,403.0
10.16,10,1,6,0,12.9,0,1,913.0
5.44,16,6,2,0,9.0,1,0,410.0
7.46,14,1,2,2,12.1,0,0,424.0
1.04,8,2,6,0,15.2,0,1,840.0
7.43,18,0,8,4,19.6,0,1,985.0
5.22,12,4,4,2,9.7,0,0,441.0
13.81,14,2,3,0,5.3,0,0,390.0
6.13,17,3,8,3,17.0,0,1,893.0
12.51,17,4,9,1,23.9,0,1,977.0
11.57,18,4,7,1,13.0,0,1,883.0
11.79,8,6,4,0,6.1,1,1,609.0
6.3,7,3,2,1,11.7,0,0,498.0
7.78,17,1,6,0,9.1,0,1,770.0
9.97,8,4,6,1,10.6,0,1,746.0
7.96,7,0,4,0,8.3,0,0,394.0
6.14,7,5,2,0,2.8,1,0,286.0
3.55,9,2,8,1,20.6,0,1,827.0
7.53,23,5,4,0,10.1,1,0,297.0
1.91,8,1,5,0,6.0,0,1,683.0
0.95,9,2,7,2,15.4,0,1,817.0
2.87,20,4,8,0,11.8,0,1,851.0
11.7,21,4,4,0,10.6,0,0,464.0
8.8,8,0,7,0,15.0,0,1,856.0
11.78,19,0,10,4,28.3,0,1,964.0
4.29,7,6,3,1,5.6,1,0,234.0
14.75,18,3,8,1,20.7,0,1,772.0
2.14,2,5,5,3,12.8,1,0,409.0
2.97,11,0,4,1,7.0,0,0,501.0
14.58,8,3,8,2,16.9,0,1,794.0
8.36,17,4,7,1,12.2,0,1,736.0
11.82,4,6,5,3,21.6,1,0,491.0
8.83,12,4,3,1,9.2,0,0,362.0
4.8,17,4,5,0,14.0,0,1,713.0
2.66,6,2,4,0,17.0,0,0,475.0
1.27,19,6,4,0,9.3,1,1,671.0
22.36,10,2,7,1,22.5,0,1,747.0
1.64,8,1,10,5,24.0,0,1,985.0
18.25,8,5,8,2,17.1,1,1,666.0
8.03,10,6,6,2,13.5,1,1,690.0
9.02,8,5,2,1,8.8,1,1,614.0
8.61,13,1,5,3,15.9,0,0,369.0
10.84,16,5,4,2,12.7,1,0,407.0
3.95,12,2,4,0,9.2,0,0,349.0
0.8,11,1,4,0,5.0,0,0,377.0
4.72,18,6,5,0,7.4,1,1,731.0
10.23,9,6,5,0,9.7,1,1,687.0
3.0,16,2,2,0,4.9,0,0,392.0
14.98,19,0,6,0,10.3,0,1,639.0
6.78,8,1,7,0,10.0,0,1,759.0
2.75,16,3,4,0,6.3,0,0,416.0
8.3,21,0,6,3,17.9,0,0,508.0
10.11,14,1,2,0,5.3,0,0,425.0
10.61,22,1,3,2,10.4,0,0,535.0
14.59,9,6,5,0,9.5,1,1,670.0
1.98,15,2,4,5,17.7,0,0,504.0
14.6,9,2,8,2,22.8,0,1,918.0
15.49,0,2,4,3,12.8,0,0,397.0
2.66,23,0,5,1,16.3,0,0,334.0
3.17,8,3,6,1,14.6,0,1,747.0
12.23,22,6,4,0,7.6,1,0,157.0
5.47,17,5,6,0,13.4,1,1,681.0
17.0,20,1,7,2,20.6,0,1,799.0
20.11,21,0,6,0,11.7,0,0,307.0
2.75,15,5,2,0,1.8,1,0,238.0
3.89,23,5,3,3,12.2,1,0,290.0
8.0,18,6,5,0,7.6,1,1,649.0
0.77,14,4,4,2,9.6,0,0,424.0
1.31,17,3,7,0,10.6,0,1,883.0
3.52,8,5,4,0,7.1,1,1,668.0
24.61,1,4,4,0,8.2,0,0,432.0
8.89,9,5,5,0,13.2,1,1,642.0
4.43,12,1,5,2,11.4,0,0,611.0
3.15,8,6,7,3,19.4,1,1,792.0
2.63,13,0,3,0,9.8,0,0,390.0
4.7,17,0,6,0,8.6,0,1,927.0
4.48,17,4,7,3,19.6,0,1,767.0
6.25,19,4,5,0,10.9,0,1,731.0
10.44,21,3,4,0,6.9,0,0,296.0
6.99,19,6,5,0,10.2,1,1,559.0
12.72,16,6,3,2,8.4,1,0,186.0
5.91,8,5,5,0,7.2,1,1,702.0
21.11,21,1,4,0,7.5,0,0,270.0
12.51,8,0,9,4,22.3,0,1,883.0
8.72,7,0,4,4,16.6,0,0,542.0
10.47,9,4,7,1,13.1,0,1,830.0
4.8,15,4,3,1,5.8,0,0,439.0
6.17,17,5,7,4,22.0,1,1,873.0
5.99,3,0,5,1,9.9,0,0,553.0
4.01,18,1,8,2,19.6,0,1,808.0
2.23,8,2,6,0,17.8,0,1,850.0
10.86,9,4,7,0,16.3,0,1,780.0
14.08,9,0,10,3,22.6,0,1,888.0
9.82,9,5,6,1,11.5,1,1,602.0
6.98,18,0,7,0,9.7,0,1,762.0
27.28,6,3,6,1,15.0,0,0,369.0
4.39,8,6,6,2,13.4,1,1,822.0
8.93,5,1,3,0,8.3,0,0,319.0
15.44,18,4,7,2,16.2,0,1,660.0
2.89,22,3,3,0,3.0,0,0,400.0
11.43,17,5,7,1,13.8,1,1,635.0
22.0,15,4,8,5,27.7,0,0,540.0
7.41,20,5,5,3,13.1,1,1,758.0
8.37,9,2,10,3,23.5,0,1,919.0
4.41,6,1,3,1,11.5,0,0,407.0
10.39,13,4,5,0,12.8,0,0,422.0
3.93,9,6,5,1,11.0,1,1,750.0
7.09,12,3,2,0,3.2,0,0,294.0
1.97,12,5,1,1,4.7,1,0,341.0
0.5,9,6,5,1,10.4,1,1,653.0
5.15,13,4,4,1,10.1,0,0,479.0
5.08,10,5,5,0,6.5,1,1,574.0
5.5,7,3,3,0,4.1,0,0,424.0
12.26,19,5,7,0,16.1,1,1,693.0
14.34,17,2,7,0,11.3,0,1,771.0
9.2,6,3,4,0,6.3,0,0,457.0
11.69,7,0,7,0,10.7,0,0,406.0
4.02,7,1,5,3,14.4,0,0,506.0
3.24,6,4,2,0,4.6,0,0,403.0
10.53,6,5,4,3,12.1,1,0,345.0
2.86,8,0,7,0,21.8,0,1,892.0
2.57,19,0,8,3,21.6,0,1,929.0
36.5,18,0,9,2,21.6,0,1,726.0
7.76,18,3,10,4,22.3,0,1,1000.0
5.08,16,2,6,3,13.9,0,0,553.0
4.63,17,0,7,2,14.6,0,1,796.0
2.02,18,5,4,0,11.0,1,1,625.0
9.06,19,3,8,1,22.4,0,1,841.0
5.9,17,0,6,0,8.4,0,1,803.0
14.08,18,4,9,3,21.7,0,1,743.0
10.76,18,6,7,3,29.9,1,1,741.0
5.75,15,2,6,0,8.7,0,0,424.0
1.03,8,6,7,1,12.6,1,1,667.0
7.78,7,2,2,0,3.1,0,0,299.0
7.28,11,0,3,1,6.2,0,0,412.0
0.8,7,0,1,1,3.3,0,0,359.0
9.92,8,0,5,1,16.5,0,1,754.0
2.77,5,2,5,3,14.1,0,0,429.0
14.56,9,2,6,0,12.8,0,1,738.0
6.96,22,3,6,2,15.9,0,0,412.0
4.53,10,3,8,1,14.0,0,1,937.0
8.58,8,6,5,0,7.6,1,1,759.0
8.21,11,0,3,0,15.9,0,0,386.0
8.0,9,6,7,0,19.4,1,1,661.0
13.31,17,1,9,1,20.1,0,1,898.0
8.96,16,6,2,3,8.5,1,0,359.0
4.21,5,0,2,0,4.4,0,0,493.0
6.04,13,0,3,0,14.5,0,0,549.0
18.04,6,0,4,0,6.9,0,0,240.0
3.9,17,2,6,0,10.2,0,1,861.0
9.81,20,6,6,0,12.3,1,1,667.0
13.64,20,3,9,1,16.6,0,1,867.0
10.47,8,1,5,0,9.5,0,1,788.0
7.81,18,4,7,3,19.8,0,1,906.0
8.7,18,3,5,0,10.3,0,1,812.0
10.93,19,4,6,1,15.5,0,1,756.0
3.86,9,5,5,0,9.1,1,1,623.0
7.31,12,5,1,0,5.4,1,0,333.0
27.18,8,1,8,0,15.0,0,1,684.0
10.02,5,3,5,2,14.6,0,0,578.0
8.02,17,4,9,4,26.6,0,1,886.0
5.59,12,3,3,0,3.4,0,0,366.0
3.9,8,6,5,1,10.3,1,1,686.0
8.91,19,6,5,1,14.2,1,1,594.0
9.35,13,5,2,0,4.8,1,0,176.0
6.96,23,1,5,2,10.6,0,0,523.0
34.14,18,3,6,0,12.2,0,1,558.0
4.18,19,5,7,3,17.3,1,1,932.0
3.41,18,1,6,1,14.0,0,1,813.0
5.65,7,4,3,0,7.3,0,0,339.0
7.12,6,1,3,2,8.5,0,0,451.0
3.73,20,0,6,0,12.7,0,1,652.0
8.76,7,1,5,2,21.1,0,0,472.0
9.44,11,6,4,2,11.2,1,0,339.0
11.81,16,6,1,1,7.2,1,0,184.0
4.96,8,5,6,0,8.1,1,1,652.0
17.07,8,1,8,0,17.6,0,1,882.0
11.29,12,5,2,1,5.5,1,0,287.0
4.11,10,1,7,1,14.7,0,1,860.0
3.72,17,0,5,1,8.2,0,1,735.0
5.95,6,1,2,0,6.1,0,0,298.0
9.45,13,0,5,2,11.0,0,0,444.0
10.42,8,4,9,2,24.0,0,1,738.0
11.27,16,4,3,1,6.3,0,0,320.0
26.09,7,0,7,0,14.1,0,0,326.0
1.42,8,0,7,0,15.4,0,1,713.0
6.82,18,3,5,0,9.0,0,1,795.0
24.73,8,0,10,2,20.7,0,1,821.0
12.18,18,5,5,2,12.0,1,1,642.0
3.23,9,2,8,3,20.0,0,1,942.0
8.45,8,2,6,0,8.5,0,1,667.0
6.52,9,0,6,2,13.2,0,1,736.0
6.35,19,4,9,3,19.4,0,1,971.0
4.89,11,5,2,0,4.7,1,0,425.0
7.97,8,5,7,0,10.1,1,1,741.0
15.07,14,3,3,0,4.9,0,0,379.0
5.24,10,1,5,1,9.8,0,1,745.0
11.33,18,0,6,0,14.3,0,1,736.0
12.67,23,2,7,0,11.6,0,0,467.0
16.98,14,3,5,1,11.4,0,0,494.0
3.66,12,0,5,2,11.4,0,0,511.0
7.53,10,0,9,3,19.2,0,1,955.0
4.45,22,1,4,2,14.4,0,0,418.0
7.98,13,0,8,3,19.0,0,0,594.0
7.95,8,0,8,1,18.0,0,1,806.0
2.93,21,3,5,3,13.9,0,0,519.0
8.32,21,5,3,0,5.4,1,0,330.0
26.92,12,3,4,3,16.3,0,0,360.0
10.44,10,0,7,3,19.5,0,1,788.0
2.41,17,2,7,1,15.4,0,1,867.0
3.47,18,0,7,0,9.7,0,1,801.0
7.26,13,4,2,0,5.1,0,0,377.0
3.54,9,1,6,0,8.1,0,1,826.0
16.4,9,2,7,0,14.9,0,1,845.0
2.15,9,6,3,0,10.9,1,1,697.0
10.49,7,4,3,0,6.2,0,0,407.0
1.73,18,5,6,0,10.4,1,1,681.0
7.17,7,2,3,3,10.4,0,0,424.0
3.11,11,6,4,1,10.0,1,0,389.0
11.8,19,5,7,3,20.3,1,1,734.0
14.66,11,3,4,0,7.2,0,0,405.0
9.43,9,4,7,0,10.8,0,1,737.0
15.1,21,4,3,0,7.8,0,0,475.0
0.55,7,1,4,3,10.8,0,0,506.0
8.25,19,1,7,0,26.7,0,1,847.0
10.39,6,4,3,1,7.4,0,0,364.0
11.31,11,3,4,0,6.8,0,0,506.0
9.98,16,5,1,0,2.0,1,0,164.0
11.48,10,3,7,0,10.6,0,1,734.0
8.18,14,0,4,0,6.0,0,0,454.0
2.43,8,4,5,0,6.7,0,1,784.0
4.86,15,4,5,3,12.3,0,0,462.0
16.46,7,2,2,0,6.6,0,0,299.0
15.28,18,5,4,0,13.3,1,1,606.0
10.26,15,2,3,0,7.7,0,0,387.0
11.96,13,0,9,5,27.1,0,0,703.0
14.13,6,0,5,1,9.7,0,0,456.0
10.18,13,6,4,1,8.8,1,0,388.0
16.16,15,2,5,1,12.0,0,0,391.0
15.81,9,2,9,3,20.6,0,1,896.0
32.2,17,2,9,0,17.4,0,1,646.0
5.02,6,5,2,2,8.4,1,0,338.0
5.1,8,4,8,2,14.8,0,1,871.0
9.67,18,6,7,0,16.5,1,1,821.0
23.82,7,6,4,0,10.5,1,0,350.0
16.98,8,6,8,1,16.5,1,1,696.0
12.95,17,2,7,0,10.6,0,1,720.0
17.72,17,4,9,0,15.3,0,1,751.0
10.52,6,2,3,0,8.8,0,0,365.0
6.0,7,4,6,0,10.1,0,0,539.0
27.54,12,5,5,2,16.8,1,0,329.0
10.0,15,1,3,0,6.1,0,0,408.0
15.59,12,6,2,1,6.7,1,0,309.0
0.55,17,2,5,0,7.9,0,1,722.0
0.72,18,6,4,0,7.8,1,1,630.0
8.43,21,5,2,0,8.8,1,0,316.0
3.54,10,0,6,3,26.5,0,1,837.0
8.98,8,2,8,0,12.0,0,1,718.0
5.09,9,2,7,1,14.2,0,1,765.0
35.1,7,5,5,3,17.4,1,0,350.0
14.8,11,5,2,1,5.2,1,0,237.0
18.82,19,0,6,0,13.6,0,1,748.0
0.93,10,5,3,0,4.2,1,1,580.0
12.84,7,1,6,1,13.4,0,0,477.0
6.54,14,2,3,2,9.0,0,0,413.0
19.05,23,1,3,2,9.9,0,0,403.0
11.62,8,1,9,1,16.2,0,1,814.0
7.26,18,3,7,0,12.3,0,1,830.0
2.68,18,0,7,2,17.5,0,1,833.0
8.32,11,0,4,1,8.5,0,0,419.0
16.22,16,5,6,5,19.9,1,0,408.0
19.75,12,2,5,2,15.8,0,0,428.0
5.7,9,4,5,0,10.9,0,1,784.0
31.61,11,6,5,1,20.1,1,0,252.0
15.41,7,0,5,1,11.7,0,0,413.0
3.61,17,5,6,0,7.7,1,1,706.0
2.92,18,0,5,1,9.8,0,1,821.0
6.86,9,5,4,0,8.4,1,1,642.0
5.69,15,2,4,0,5.3,0,0,359.0
10.58,8,0,7,2,14.9,0,1,826.0
7.7,7,1,1,0,14.7,0,0,418.0
6.07,17,2,8,2,15.8,0,1,782.0
1.83,7,5,3,0,7.6,1,0,249.0
11.86,18,4,8,2,16.9,0,1,800.0
1.67,9,5,6,2,13.1,1,1,736.0
15.44,18,0,8,2,18.1,0,1,695.0
1.06,10,6,5,0,9.3,1,1,728.0
1.57,10,3,8,4,22.2,0,1,919.0
3.59,18,0,8,0,13.5,0,1,697.0
5.3,13,6,2,2,6.0,1,0,251.0
4.47,8,5,6,0,10.6,1,1,682.0
5.28,19,0,5,0,6.8,0,1,650.0
9.11,10,3,6,1,17.1,0,1,861.0
3.66,7,6,3,0,7.1,1,0,330.0
9.17,11,4,2,0,4.7,0,0,400.0
0.56,15,1,3,0,5.3,0,0,356.0
3.55,16,4,6,0,9.0,0,0,494.0
1.49,19,1,10,5,23.8,0,1,945.0
15.32,14,2,3,1,10.4,0,0,369.0
4.09,8,1,6,0,18.9,0,1,837.0
11.37,9,4,7,2,16.4,0,1,818.0
1.21,7,6,4,1,6.2,1,0,408.0
19.54,18,0,7,2,15.5,0,1,791.0
8.03,7,4,3,1,9.1,0,0,381.0
7.38,16,1,4,0,5.4,0,0,456.0
1.85,16,5,0,0,0.0,1,0,315.0
3.17,18,0,6,2,12.4,0,1,834.0
6.22,6,2,4,2,10.0,0,0,532.0
3.28,8,1,7,2,15.1,0,1,840.0
14.34,20,6,4,0,6.8,1,1,600.0
7.86,15,0,5,2,12.7,0,0,471.0
3.32,12,4,4,0,17.9,0,0,453.0
12.9,18,0,7,1,17.8,0,1,787.0
5.59,20,4,8,0,12.6,0,1,784.0
12.51,9,5,7,2,16.8,1,1,668.0
4.91,20,5,6,5,18.0,1,1,797.0
10.83,7,0,5,0,8.2,0,0,488.0
5.44,22,5,2,2,11.7,1,0,383.0
14.34,8,2,8,1,17.0,0,1,838.0
1.25,9,4,6,0,8.8,0,1,874.0
2.48,7,6,3,0,14.9,1,0,349.0
6.65,18,0,7,2,13.7,0,1,776.0
4.25,22,2,3,0,7.9,0,0,388.0
5.31,9,6,5,0,10.8,1,1,675.0
11.7,9,0,8,3,17.8,0,1,826.0
5.22,9,1,8,1,19.3,0,1,899.0
9.4,8,3,6,2,14.5,0,1,863.0
3.52,18,6,5,1,10.2,1,1,595.0
0.96,6,2,4,1,6.2,0,0,442.0
12.45,21,2,4,2,11.8,0,0,255.0
22.44,20,5,7,0,13.0,1,1,639.0
8.72,7,0,2,0,7.9,0,0,364.0
6.93,14,2,4,1,8.8,0,0,538.0
8.07,23,2,4,4,19.7,0,0,589.0
17.81,19,2,7,0,16.8,0,1,822.0
8.79,17,4,7,5,24.6,0,1,843.0
12.87,5,1,4,2,10.7,0,0,363.0
12.48,6,2,3,0,13.2,0,0,322.0
15.15,18,6,7,0,13.7,1,1,771.0
6.82,10,5,6,0,8.8,1,1,629.0
4.85,17,6,6,1,12.0,1,1,693.0
10.92,18,4,6,0,8.9,0,1,702.0
14.45,11,4,5,0,8.1,0,0,324.0
16.29,7,1,6,0,11.9,0,0,440.0
19.25,10,1,10,4,25.3,0,1,904.0
13.59,19,3,5,0,8.3,0,1,590.0
4.64,9,2,6,0,10.6,0,1,711.0
8.71,6,5,2,0,2.4,1,0,279.0
8.16,21,0,3,0,6.2,0,0,382.0
7.53,17,6,8,0,11.2,1,1,700.0
10.93,14,1,4,2,9.7,0,0,466.0
6.35,18,2,7,1,13.1,0,1,734.0
6.36,11,2,3,0,5.0,0,0,355.0
23.33,22,6,4,2,17.0,1,0,337.0
7.09,19,5,7,0,11.6,1,1,670.0
15.08,9,0,8,2,22.3,0,1,860.0
15.66,10,5,5,0,21.5,1,1,595.0
8.89,9,4,7,3,22.2,0,1,815.0
6.55,17,0,10,4,23.4,0,1,840.0
3.65,16,5,3,2,8.5,1,0,228.0
1.65,14,0,3,0,4.8,0,0,382.0
11.47,21,2,1,1,5.8,0,0,375.0
9.92,12,1,4,2,12.9,0,0,437.0
12.65,18,0,7,1,14.3,0,1,866.0
5.11,17,3,4,0,10.0,0,1,725.0
24.85,14,4,5,0,11.4,0,0,235.0
10.54,6,3,3,0,12.8,0,0,416.0
6.89,17,2,9,0,21.3,0,1,800.0
0.89,16,3,5,0,7.9,0,0,467.0
5.58,7,1,3,1,6.8,0,0,276.0
13.06,18,0,8,0,14.7,0,1,783.0
18.93,12,1,6,0,11.8,0,0,450.0
7.72,9,0,6,0,15.8,0,1,825.0
20.95,18,5,7,4,21.1,1,1,716.0
3.41,10,4,4,1,6.9,0,1,758.0
10.14,16,1,4,1,10.6,0,0,392.0
10.34,16,3,3,2,15.0,0,0,413.0
11.54,6,3,4,1,10.5,0,0,453.0
8.51,11,0,3,0,4.1,0,0,333.0
9.75,8,6,5,1,10.8,1,1,633.0
3.34,8,6,4,0,5.0,1,1,557.0
17.76,17,5,5,1,11.0,1,1,676.0
14.1,2,5,2,0,8.7,1,0,239.0
9.48,21,3,4,3,22.0,0,0,412.0
14.33,11,5,3,1,6.7,1,0,333.0
18.13,9,3,7,0,13.5,0,1,749.0
11.42,20,1,6,1,11.1,0,1,726.0
26.57,13,1,6,0,13.1,0,0,428.0
12.08,16,5,2,0,3.9,1,0,230.0
3.81,17,3,9,3,22.5,0,1,827.0
9.15,19,5,7,2,15.2,1,1,793.0
14.7,7,1,5,2,13.1,0,0,387.0
18.14,7,3,3,0,8.7,0,0,526.0
8.64,23,0,4,0,11.6,0,0,388.0
3.56,1,1,3,0,8.4,0,0,289.0
6.44,17,0,8,1,14.5,0,1,945.0
2.3,16,1,5,1,15.4,0,0,483.0
12.93,14,4,3,0,5.8,0,0,375.0
5.52,18,0,7,0,10.4,0,1,822.0
4.34,23,1,4,0,4.7,0,0,332.0
13.79,6,4,4,0,7.7,0,0,250.0
20.68,16,1,4,0,14.9,0,0,488.0
4.32,17,3,6,0,11.8,0,1,697.0
8.68,9,6,5,0,9.2,1,1,754.0
6.65,19,5,5,0,7.0,1,1,689.0
18.69,12,0,3,0,23.9,0,0,399.0
7.24,8,1,7,1,20.0,0,1,806.0
3.27,19,4,6,2,14.0,0,1,969.0
7.5,21,2,4,0,6.1,0,0,362.0
16.2,7,2,4,0,7.3,0,0,328.0
6.36,18,3,7,1,12.8,0,1,857.0
4.7,8,4,6,0,11.7,0,1,748.0
7.0,0,3,3,0,5.0,0,0,324.0
3.36,9,0,6,0,19.5,0,1,815.0
6.64,19,0,7,0,11.4,0,1,838.0
5.0,7,0,4,2,14.6,0,0,581.0
29.66,7,1,6,3,21.9,0,0,554.0
1.16,18,5,4,0,8.0,1,1,560.0
3.8,11,6,3,0,4.6,1,0,370.0
4.7,7,3,4,4,15.6,0,0,441.0
3.38,8,0,6,1,11.3,0,1,751.0
10.2,18,0,8,5,21.6,0,1,867.0
4.26,16,5,1,2,9.4,1,0,276.0
2.06,18,2,6,0,15.7,0,1,749.0
8.13,7,6,4,0,11.1,1,0,186.0
6.08,12,3,3,0,9.1,0,0,488.0
4.43,18,6,4,2,10.4,1,1,742.0
18.38,9,0,8,0,13.4,0,1,767.0
10.44,8,6,5,1,11.5,1,1,610.0
9.65,10,3,8,1,13.7,0,1,897.0
10.61,9,3,7,2,14.1,0,1,812.0
10.23,8,3,7,2,17.4,0,1,793.0
6.32,21,2,5,0,7.4,0,0,332.0
4.29,13,4,4,0,6.1,0,0,450.0
8.27,16,5,1,1,9.5,1,0,260.0
6.23,7,5,2,2,6.5,1,0,328.0
1.14,16,6,1,2,6.2,1,0,327.0
3.13,15,2,6,1,12.2,0,0,530.0
5.64,20,5,5,2,10.4,1,1,714.0
13.99,11,6,4,0,7.5,1,0,270.0
8.29,18,0,6,0,8.9,0,1,798.0
3.68,9,3,7,3,17.0,0,1,926.0
2.89,15,4,4,1,9.2,0,0,540.0
16.01,20,3,8,2,17.7,0,1,753.0
6.54,16,0,4,0,7.1,0,0,478.0
0.5,17,4,8,1,19.6,0,1,786.0
6.86,19,2,6,0,9.4,0,1,833.0
12.03,20,4,5,0,12.4,0,1,705.0
2.81,8,0,5,0,6.3,0,1,814.0
7.84,8,0,5,2,10.9,0,1,872.0
8.39,14,4,3,0,5.0,0,0,392.0
2.97,23,6,2,0,2.7,1,0,288.0
16.97,13,4,3,0,6.5,0,0,341.0
8.49,9,6,4,0,6.6,1,1,605.0
5.62,14,5,2,1,4.8,1,0,367.0
6.58,6,1,3,1,9.1,0,0,409.0
2.47,8,0,7,1,13.3,0,1,708.0
2.37,7,3,3,0,6.9,0,0,467.0
5.21,5,4,4,0,4.9,0,0,463.0
5.47,17,5,5,0,11.9,1,1,684.0
6.25,9,3,6,1,10.1,0,1,747.0
17.95,8,6,5,3,15.4,1,1,608.0
11.59,13,5,2,0,5.6,1,0,214.0
1.36,9,4,8,4,18.9,0,1,933.0
15.77,11,3,4,0,9.9,0,0,270.0
5.18,9,0,9,2,19.3,0,1,920.0
12.36,0,5,3,2,13.1,1,0,330.0
5.52,17,4,7,1,12.1,0,1,899.0
8.11,7,6,3,1,8.0,1,0,358.0
2.65,8,0,9,0,16.9,0,1,827.0
9.43,8,1,8,2,16.0,0,1,746.0
13.32,9,4,4,0,11.5,0,1,667.0
1.66,8,3,7,1,11.4,0,1,920.0
13.46,10,4,6,0,9.8,0,1,764.0
4.28,8,3,4,0,7.4,0,1,781.0
21.72,6,4,7,3,22.9,0,0,451.0
12.51,19,4,8,0,12.3,0,1,824.0
11.08,9,1,6,0,9.2,0,1,665.0
6.61,7,5,1,0,3.1,1,0,314.0
33.1,14,3,5,1,12.8,0,0,274.0
5.21,7,4,3,2,8.1,0,0,314.0
3.19,18,4,8,4,21.5,0,1,1000.0
4.41,6,5,2,1,3.8,1,0,310.0
14.94,12,2,3,0,6.1,0,0,362.0
7.99,21,0,2,0,4.0,0,0,250.0
7.16,8,1,7,0,9.6,0,1,830.0
5.27,8,6,7,1,22.4,1,1,817.0
6.89,16,1,5,5,17.0,0,0,518.0
4.99,22,1,3,0,3.7,0,0,446.0
11.8,10,6,6,0,10.1,1,1,735.0
6.15,17,1,7,1,18.7,0,1,870.0
4.47,7,3,6,1,11.2,0,0,356.0
14.12,16,2,3,1,10.6,0,0,317.0
3.28,9,4,7,0,10.5,0,1,914.0
8.08,16,4,3,0,6.5,0,0,392.0
1.13,7,3,2,0,3.0,0,0,395.0
2.19,14,3,6,0,10.9,0,0,431.0
5.65,8,5,9,2,22.0,1,1,772.0
4.91,17,4,6,0,9.4,0,1,856.0
4.91,18,3,7,0,17.0,0,1,915.0
12.59,19,6,7,4,23.4,1,1,823.0
13.09,23,0,4,1,13.3,0,0,450.0
9.22,12,5,1,0,4.6,1,0,288.0
3.13,17,1,7,4,17.3,0,1,886.0
6.85,4,2,5,0,12.1,0,0,373.0
23.7,20,0,8,2,23.5,0,1,721.0
31.07,16,3,5,0,10.4,0,0,410.0
14.21,11,5,3,3,15.7,1,0,337.0
3.24,12,2,3,0,6.5,0,0,438.0
6.89,18,4,5,0,8.7,0,1,768.0
8.8,19,2,8,4,20.1,0,1,906.0
7.89,18,5,4,1,8.8,1,1,678.0
15.2,13,6,4,0,8.6,1,0,331.0
12.22,10,5,4,0,6.8,1,1,571.0
3.09,21,2,2,0,1.5,0,0,448.0
4.56,16,5,0,0,2.0,1,0,201.0
14.17,14,0,3,1,11.5,0,0,403.0
18.33,16,6,2,0,4.4,1,0,156.0
8.88,16,5,5,4,16.6,1,0,406.0
19.81,17,4,8,2,27.7,0,1,796.0
8.18,15,4,5,4,23.1,0,0,530.0
3.58,19,1,7,1,13.4,0,1,878.0
11.49,19,3,6,0,9.5,0,1,759.0
39.77,12,0,8,1,20.5,0,0,508.0
2.49,8,2,6,0,7.8,0,1,838.0
19.33,15,4,4,0,15.0,0,0,366.0
11.05,16,2,6,3,15.7,0,0,492.0
4.34,14,5,2,1,6.7,1,0,333.0
1.16,19,5,5,0,8.2,1,1,732.0
0.69,7,3,2,0,3.1,0,0,318.0
4.9,9,2,7,0,10.1,0,1,842.0
9.85,19,2,7,1,12.6,0,1,731.0
13.49,20,3,7,0,12.2,0,1,804.0
15.6,11,5,3,3,17.2,1,0,403.0
9.25,8,0,9,1,16.5,0,1,872.0
8.27,11,3,4,0,7.3,0,0,267.0
5.79,12,3,2,2,6.1,0,0,299.0
10.02,14,2,4,3,12.7,0,0,491.0
4.4,9,1,6,2,18.0,0,1,693.0
2.61,9,5,6,0,7.5,1,1,735.0
7.9,17,3,7,0,9.9,0,1,849.0
12.81,16,4,4,1,14.4,0,0,490.0
2.12,17,0,6,2,14.7,0,1,826.0
4.9,10,1,8,5,22.2,0,1,955.0
7.69,10,1,7,0,20.9,0,1,837.0
7.58,10,2,8,1,13.7,0,1,747.0
10.85,21,5,3,0,5.5,1,0,326.0
23.27,11,4,2,0,7.8,0,0,388.0
0.7,16,6,2,0,2.4,1,0,341.0
23.93,14,2,4,0,10.4,0,0,315.0
22.61,19,5,6,1,12.8,1,1,683.0
13.64,10,1,5,0,22.8,0,1,845.0
8.76,12,5,1,1,3.0,1,0,332.0
4.47,19,4,9,1,18.7,0,1,944.0
13.53,8,0,6,0,9.9,0,1,651.0
9.08,16,4,4,1,15.2,0,0,465.0
5.89,11,3,3,0,5.2,0,0,432.0
13.3,22,0,3,0,9.2,0,0,434.0
14.86,17,5,8,5,29.9,1,1,848.0
18.24,1,3,5,0,10.4,0,0,482.0
4.07,19,4,6,0,8.0,0,1,674.0
16.73,17,4,7,1,16.7,0,1,818.0
5.98,15,0,3,0,8.2,0,0,430.0
8.78,8,2,5,0,10.5,0,1,806.0
10.02,7,4,5,2,12.0,0,0,551.0
15.85,16,2,3,1,7.7,0,0,316.0
12.4,12,6,2,1,6.8,1,0,365.0
5.81,19,2,8,3,18.1,0,1,933.0
0.83,9,3,6,0,7.6,0,1,786.0
10.76,16,3,3,0,4.4,0,0,314.0
8.52,8,0,8,0,14.8,0,1,832.0
2.46,16,5,1,0,1.3,1,0,288.0
9.26,6,0,6,5,19.7,0,0,566.0
7.62,11,3,5,2,12.3,0,0,433.0
18.13,8,6,7,0,13.4,1,1,701.0
24.98,16,6,5,0,9.8,1,0,243.0
14.61,9,1,6,0,9.6,0,1,814.0
7.3,18,2,6,1,10.5,0,1,893.0
8.14,7,3,4,0,7.3,0,0,359.0
3.95,15,4,6,3,14.1,0,0,528.0
4.6,15,1,2,0,4.1,0,0,436.0
6.99,5,3,4,0,7.0,0,0,428.0
6.45,6,5,7,4,17.8,1,0,385.0
2.32,9,5,6,3,21.8,1,1,837.0
18.25,16,5,4,0,10.7,1,0,246.0
19.92,21,6,4,0,19.9,1,0,314.0
17.87,7,6,7,3,20.7,1,0,350.0
20.36,17,3,8,1,15.5,0,1,831.0
29.63,17,6,8,1,17.3,1,1,631.0
4.01,17,3,6,1,13.9,0,1,870.0
28.82,14,4,6,4,21.8,0,0,437.0
5.79,21,6,2,1,4.9,1,0,270.0
11.89,13,0,2,0,3.4,0,0,367.0
1.8,19,6,3,0,5.5,1,1,578.0
5.21,9,5,7,2,18.5,1,1,874.0
14.89,18,6,6,0,12.5,1,1,670.0
12.28,23,5,1,0,2.2,1,0,195.0
5.7,20,1,9,1,17.5,0,1,849.0
8.13,9,2,5,0,12.7,0,1,763.0
4.78,19,0,9,4,20.6,0,1,988.0
14.86,7,4,3,0,21.7,0,0,349.0
19.04,17,3,8,2,21.4,0,1,798.0
4.03,10,3,8,1,13.0,0,1,846.0
7.54,17,5,6,0,10.5,1,1,778.0
2.23,11,5,3,0,13.7,1,0,405.0
9.06,1,0,4,0,8.7,0,0,503.0
11.05,8,6,5,2,11.9,1,1,686.0
9.59,6,2,6,2,13.0,0,0,568.0
10.46,11,5,1,0,1.6,1,0,312.0
6.95,19,4,6,0,8.6,0,1,814.0
7.08,18,3,8,4,21.0,0,1,948.0
6.83,18,1,7,0,15.9,0,1,777.0
5.09,18,1,7,3,19.4,0,1,983.0
5.61,10,5,5,0,7.6,1,1,653.0
10.7,13,2,5,0,10.4,0,0,457.0
18.26,13,1,3,1,8.8,0,0,403.0
3.44,7,0,3,0,4.1,0,0,319.0
7.06,16,5,2,3,8.8,1,0,330.0
2.81,17,2,8,1,14.3,0,1,870.0
5.16,16,2,3,1,6.7,0,0,408.0
5.87,18,2,7,1,15.7,0,1,828.0
8.61,7,4,2,1,5.9,0,0,469.0
8.44,18,3,9,2,22.9,0,1,841.0
7.49,8,3,7,1,15.0,0,1,745.0
10.11,19,1,8,3,18.0,0,1,829.0
3.73,8,2,8,1,14.4,0,1,899.0
8.66,13,6,1,0,1.4,1,0,294.0
12.52,13,3,3,0,5.3,0,0,400.0
3.69,9,6,5,0,7.9,1,1,732.0
1.45,10,5,3,0,3.0,1,1,652.0
14.78,8,4,5,0,8.4,0,1,688.0
2.9,15,3,2,0,5.7,0,0,333.0
4.96,20,5,4,0,10.1,1,1,584.0
12.28,9,0,8,3,28.4,0,1,872.0
3.53,13,3,5,2,16.3,0,0,548.0
14.12,19,4,8,0,14.6,0,1,808.0
4.39,12,0,7,4,31.1,0,0,607.0
3.95,19,1,8,4,30.4,0,1,880.0
2.83,12,0,5,3,17.3,0,0,676.0
4.42,12,3,3,0,7.4,0,0,357.0
11.19,8,3,7,0,13.2,0,1,792.0
4.96,7,3,4,0,5.2,0,0,475.0
14.82,16,0,6,2,20.9,0,0,485.0
7.71,18,3,8,1,26.7,0,1,825.0
8.21,7,6,3,1,8.0,1,0,364.0
3.85,20,0,9,2,17.5,0,1,815.0
16.27,10,5,8,4,20.6,1,1,873.0
12.59,11,1,3,1,6.9,0,0,399.0
12.35,19,0,8,3,22.0,0,1,851.0
6.66,19,0,7,2,16.9,0,1,760.0
2.51,14,0,2,0,5.1,0,0,321.0
8.53,9,2,7,2,16.7,0,1,833.0
10.87,8,3,5,0,7.8,0,1,848.0
10.94,9,4,7,0,13.7,0,1,802.0
9.96,18,0,9,5,26.5,0,1,958.0
9.67,9,4,5,0,7.3,0,1,762.0
4.37,17,5,4,0,7.0,1,1,795.0
4.55,8,0,10,4,26.0,0,1,937.0
2.85,13,4,4,0,6.7,0,0,523.0
14.94,10,0,7,0,16.0,0,1,753.0
24.26,13,3,3,0,7.0,0,0,274.0
39.31,15,4,6,1,17.5,0,0,343.0
8.95,23,6,2,0,11.7,1,0,286.0
9.69,20,3,6,0,12.2,0,1,805.0
6.86,17,3,7,2,19.0,0,1,711.0
8.85,7,5,2,0,7.5,1,0,288.0
3.52,20,1,5,1,13.0,0,1,761.0
6.76,19,1,5,0,7.3,0,1,708.0
3.98,19,3,7,1,11.7,0,1,749.0
6.12,13,0,3,1,5.7,0,0,386.0
4.26,8,0,6,0,9.4,0,1,756.0
10.87,18,2,5,0,7.7,0,1,709.0
11.81,11,1,4,0,7.0,0,0,292.0
9.49,10,4,9,0,16.4,0,1,844.0
4.57,11,3,4,0,6.8,0,0,374.0
2.67,15,3,4,0,6.4,0,0,331.0
11.9,9,3,7,0,10.6,0,1,741.0
7.68,17,0,7,0,14.5,0,1,758.0
1.38,17,2,6,0,10.1,0,1,805.0
8.48,13,0,3,2,8.3,0,0,385.0
9.74,6,2,4,0,10.2,0,0,322.0
1.91,20,4,7,1,14.9,0,1,793.0
11.0,11,6,2,1,5.6,1,0,174.0
2.21,12,2,4,0,5.4,0,0,496.0
4.17,12,1,2,0,6.0,0,0,463.0
2.22,10,4,6,0,8.8,0,1,880.0
3.82,17,6,6,1,10.3,1,1,680.0
2.69,3,2,4,0,6.3,0,0,507.0
14.87,19,5,5,0,9.1,1,1,655.0
6.39,7,2,4,3,12.4,0,0,423.0
5.41,23,4,4,2,9.4,0,0,416.0
15.8,16,1,2,0,7.1,0,0,326.0
15.28,6,1,4,3,19.6,0,0,460.0
5.75,15,6,1,0,1.8,1,0,279.0
9.36,9,2,7,0,12.6,0,1,792.0
4.85,21,0,4,0,5.4,0,0,395.0
7.14,18,5,8,4,20.6,1,1,891.0
3.15,13,0,3,0,10.7,0,0,415.0
10.32,12,0,4,2,10.2,0,0,424.0
16.21,23,5,2,1,7.0,1,0,245.0
14.39,17,2,10,1,17.7,0,1,846.0
7.94,13,0,3,0,4.6,0,0,300.0
1.24,11,6,2,0,5.7,1,0,247.0
4.68,9,1,5,2,18.0,0,1,968.0
7.13,17,4,5,0,9.8,0,1,658.0
2.38,15,1,4,1,6.7,0,0,462.0
2.01,19,4,6,0,8.1,0,1,814.0
19.13,15,4,5,2,13.0,0,0,482.0
13.3,15,5,3,1,9.7,1,0,319.0
10.86,13,2,5,1,9.3,0,0,546.0
12.29,18,4,5,0,17.1,0,1,770.0
2.78,11,5,1,0,0.4,1,0,348.0
3.71,19,5,5,0,6.1,1,1,734.0
8.97,9,5,5,0,7.3,1,1,744.0
9.46,17,2,7,1,17.5,0,1,821.0
2.25,19,3,6,0,8.1,0,1,816.0
8.53,18,6,5,0,13.1,1,1,649.0
7.22,10,1,7,0,13.1,0,1,812.0
14.09,17,4,8,0,12.7,0,1,802.0
9.5,8,5,6,1,12.2,1,1,571.0
20.54,6,3,5,1,15.4,0,0,399.0
5.77,18,6,3,0,4.5,1,1,675.0
2.95,18,2,6,0,8.3,0,1,709.0
20.19,5,5,4,1,10.2,1,0,227.0
9.84,21,4,3,1,14.8,0,0,487.0
7.26,12,0,4,3,14.4,0,0,555.0
3.83,20,5,6,2,15.4,1,1,708.0
5.82,18,4,7,2,19.3,0,1,866.0
5.59,20,1,7,3,19.2,0,1,866.0
2.83,19,4,10,3,19.7,0,1,1000.0
0.85,22,3,4,1,10.5,0,0,432.0
5.49,16,6,1,1,3.0,1,0,254.0
12.5,8,2,6,2,16.5,0,1,880.0
17.11,11,1,4,0,6.7,0,0,305.0
14.45,18,0,6,0,12.4,0,1,720.0
15.0,8,5,9,3,20.8,1,1,787.0
3.14,20,6,6,1,10.6,1,1,811.0
9.09,8,4,7,0,10.8,0,1,716.0
10.92,19,2,7,0,10.9,0,1,737.0
11.4,13,6,4,0,9.7,1,0,345.0
7.14,19,1,4,0,5.7,0,1,772.0
8.33,21,4,3,1,9.6,0,0,422.0
14.17,11,4,5,1,12.1,0,0,420.0
10.66,17,5,7,0,10.5,1,1,697.0
12.01,8,6,4,0,6.1,1,1,526.0
5.29,18,2,4,0,10.0,0,1,754.0
11.59,18,0,7,0,13.9,0,1,874.0
8.25,9,1,7,0,11.7,0,1,715.0
13.25,5,5,3,1,8.0,1,0,245.0
4.37,12,2,3,0,5.2,0,0,376.0
12.54,8,0,6,3,17.0,0,1,795.0
5.88,18,5,5,1,16.9,1,1,819.0
12.58,9,4,7,0,12.7,0,1,722.0
9.13,21,0,3,0,4.6,0,0,309.0
7.82,22,4,1,0,3.2,0,0,389.0
6.13,20,4,7,0,19.2,0,1,787.0
7.28,16,6,4,3,12.9,1,0,427.0
5.5,9,6,5,1,17.1,1,1,699.0
6.03,18,6,6,2,20.2,1,1,777.0
10.46,17,6,5,1,10.0,1,1,573.0
1.64,22,5,3,3,13.3,1,0,416.0
12.47,10,4,9,3,24.0,0,1,903.0
12.61,6,3,4,0,5.9,0,0,368.0
6.27,23,5,3,0,16.8,1,0,262.0
8.48,19,6,6,0,9.8,1,1,692.0
3.49,8,0,6,0,11.0,0,1,839.0
10.01,17,0,10,1,20.0,0,1,847.0
3.87,0,3,5,0,6.1,0,0,410.0
0.5,15,2,3,2,7.4,0,0,500.0
16.68,10,3,7,0,14.2,0,1,866.0
3.17,10,2,5,2,10.6,0,1,862.0
7.17,8,5,5,0,10.1,1,1,682.0
8.71,9,6,7,0,13.2,1,1,692.0
10.45,12,1,8,3,17.7,0,0,540.0
7.63,8,5,5,0,11.3,1,1,590.0
9.25,12,0,5,2,15.1,0,0,462.0
6.16,15,5,4,3,11.6,1,0,448.0
1.95,17,4,8,0,12.6,0,1,845.0
7.42,17,4,5,0,7.9,0,1,713.0
11.43,8,3,10,0,15.3,0,1,801.0
3.34,6,0,3,0,5.9,0,0,405.0
8.77,19,5,6,4,19.0,1,1,687.0
23.16,19,0,8,2,25.5,0,1,760.0
7.07,22,3,2,0,5.5,0,0,463.0
7.34,21,1,4,1,7.1,0,0,362.0
1.8,16,5,1,3,7.3,1,0,286.0
3.0,19,4,7,0,10.2,0,1,831.0
3.91,12,3,4,0,8.3,0,0,403.0
11.13,18,2,9,2,25.9,0,1,893.0
3.54,21,5,4,2,13.9,1,0,438.0
1.22,18,1,8,0,17.2,0,1,767.0
9.87,11,5,2,0,4.3,1,0,310.0
4.21,10,6,6,0,7.9,1,1,658.0
1.87,9,1,4,1,7.2,0,1,752.0
12.06,10,4,7,1,12.7,0,1,909.0
5.64,18,2,7,0,9.8,0,1,716.0
10.5,17,6,7,2,14.7,1,1,766.0
1.8,8,6,3,0,6.7,1,1,714.0
0.75,17,2,7,2,20.1,0,1,840.0
8.2,10,1,7,1,12.0,0,1,769.0
2.91,15,0,3,0,4.3,0,0,382.0
8.11,10,4,7,0,13.2,0,1,758.0
8.24,14,6,2,0,2.7,1,0,271.0
7.51,17,1,8,2,16.1,0,1,910.0
14.92,17,5,6,1,14.8,1,1,657.0
35.83,18,5,8,0,16.7,1,1,669.0
9.75,11,3,7,4,24.7,0,0,646.0
23.14,17,1,8,2,24.1,0,1,836.0
5.75,8,4,10,0,16.1,0,1,904.0
2.43,13,4,2,0,1.8,0,0,345.0
4.44,15,5,3,1,5.4,1,0,167.0
6.02,17,3,5,0,7.8,0,1,791.0
24.38,20,0,10,4,25.1,0,1,919.0
7.82,9,1,8,1,14.1,0,1,850.0
15.29,19,2,6,0,13.1,0,1,803.0
5.39,9,3,6,0,12.3,0,1,758.0
4.89,14,2,5,0,12.7,0,0,487.0
1.73,18,6,4,0,11.6,1,1,767.0
23.89,17,1,8,0,13.6,0,1,787.0
18.64,19,4,9,3,21.6,0,1,935.0
8.83,18,2,7,2,14.5,0,1,909.0
6.29,9,6,5,3,12.7,1,1,649.0
8.04,23,6,3,0,13.3,1,0,361.0
2.34,20,5,5,0,5.9,1,1,639.0
10.49,12,5,4,2,13.4,1,0,287.0
17.66,6,4,4,0,15.5,0,0,372.0
18.24,9,4,7,0,18.7,0,1,875.0
1.81,19,3,9,5,22.0,0,1,927.0
15.2,21,0,4,2,11.7,0,0,311.0
2.35,19,6,8,3,16.5,1,1,718.0
0.82,11,6,1,0,4.5,1,0,317.0
15.57,6,3,4,1,11.6,0,0,355.0
5.06,14,6,3,0,4.5,1,0,182.0
14.16,10,2,7,0,10.6,0,1,680.0
13.34,7,0,3,0,7.8,0,0,377.0
12.23,7,5,4,3,13.2,1,0,405.0
7.97,7,3,4,0,5.4,0,0,376.0
2.61,8,6,5,1,13.0,1,1,750.0
6.03,18,1,9,3,18.6,0,1,958.0
18.43,10,3,7,2,15.8,0,1,741.0
14.4,12,4,4,0,9.7,0,0,379.0
6.27,16,0,5,1,13.9,0,0,431.0
6.21,21,6,3,0,3.8,1,0,330.0
11.51,18,4,4,0,7.8,0,1,677.0
8.38,17,1,6,0,9.4,0,1,696.0
6.52,18,5,4,1,7.1,1,1,661.0
10.86,17,6,8,2,18.8,1,1,826.0
10.62,17,2,8,4,19.6,0,1,912.0
4.54,13,4,5,0,8.7,0,0,506.0
9.59,15,5,1,0,1.7,1,0,295.0
10.18,12,1,4,0,8.9,0,0,405.0
7.54,11,3,6,5,22.1,0,0,525.0
4.16,9,3,10,3,23.7,0,1,892.0
5.89,10,2,10,4,23.7,0,1,855.0
3.48,11,2,4,0,5.6,0,0,495.0
9.77,15,4,6,0,8.7,0,0,420.0
1.82,13,5,3,1,14.5,1,0,261.0
19.66,7,2,4,0,7.7,0,0,431.0
17.13,10,1,7,0,11.3,0,1,758.0
10.35,10,5,6,0,16.8,1,1,750.0
13.85,17,1,4,0,7.0,0,1,685.0
13.25,9,0,7,0,16.3,0,1,738.0
8.48,1,2,5,4,14.8,0,0,529.0
6.66,7,5,3,2,17.2,1,0,395.0
6.1,13,5,1,2,5.0,1,0,277.0
20.13,8,2,7,0,11.8,0,1,820.0
4.03,13,3,2,2,6.2,0,0,471.0
4.1,15,6,4,0,14.7,1,0,392.0
14.66,20,5,5,0,8.8,1,1,564.0
13.76,17,5,3,0,8.6,1,1,523.0
6.37,5,0,3,0,6.4,0,0,466.0
11.11,10,1,9,3,19.4,0,1,751.0
12.12,18,0,8,3,20.3,0,1,857.0
2.49,9,6,4,0,7.0,1,1,671.0
17.85,20,2,7,1,14.2,0,1,743.0
12.11,14,3,3,0,6.8,0,0,368.0
10.48,7,3,3,0,5.3,0,0,398.0
12.18,8,3,6,1,13.5,0,1,742.0
9.63,20,0,8,2,16.9,0,1,902.0
7.22,23,6,1,2,5.2,1,0,324.0
8.53,19,2,8,0,11.8,0,1,800.0
2.28,9,6,7,1,14.0,1,1,702.0
25.26,18,5,5,0,9.4,1,1,579.0
7.13,8,4,6,0,15.7,0,1,920.0
24.99,10,4,7,0,18.0,0,1,692.0
8.63,17,6,5,0,7.3,1,1,745.0
4.86,21,2,4,0,5.3,0,0,311.0
17.52,12,2,4,0,10.1,0,0,322.0
10.19,13,4,4,1,7.9,0,0,381.0
31.05,8,1,9,0,16.7,0,1,799.0
4.76,11,5,2,0,3.3,1,0,288.0
17.99,6,0,4,4,19.2,0,0,533.0
18.61,19,6,5,3,17.4,1,1,660.0
12.8,5,2,5,0,7.9,0,0,403.0
18.71,17,0,8,0,15.3,0,1,756.0
7.26,9,4,7,0,19.2,0,1,943.0
4.02,13,1,5,4,16.9,0,0,461.0
5.21,9,2,7,0,9.9,0,1,772.0
8.22,11,3,4,0,5.6,0,0,343.0
13.24,14,4,4,2,26.0,0,0,503.0
4.25,16,0,5,2,11.4,0,0,415.0
6.11,21,0,3,0,5.2,0,0,501.0
4.54,9,3,5,0,8.4,0,1,770.0
14.82,15,2,2,0,15.0,0,0,389.0
24.87,20,4,7,0,24.9,0,1,787.0
3.46,9,5,6,0,8.7,1,1,697.0
11.47,19,4,7,2,21.7,0,1,845.0
16.05,21,0,3,2,9.2,0,0,392.0
6.79,19,6,6,1,14.8,1,1,747.0
2.4,15,5,2,1,5.5,1,0,266.0
17.41,17,0,9,1,23.6,0,1,779.0
2.26,13,5,3,0,7.7,1,0,376.0
20.76,16,6,2,2,10.9,1,0,263.0
4.46,22,3,3,0,3.5,0,0,274.0
1.95,8,5,4,0,4.8,1,1,629.0
5.52,18,6,4,0,6.0,1,1,737.0
7.75,13,6,3,2,8.0,1,0,322.0
8.96,8,6,7,1,14.2,1,1,690.0
12.13,17,1,7,0,10.8,0,1,684.0
9.53,18,0,6,0,11.9,0,1,737.0
23.59,15,4,3,2,11.1,0,0,289.0
7.49,19,4,6,0,10.2,0,1,801.0
9.89,10,3,7,0,14.9,0,1,799.0
9.32,20,1,6,2,14.3,0,1,785.0
1.73,17,6,7,1,15.6,1,1,713.0
2.92,18,2,6,0,7.9,0,1,880.0
8.24,9,5,6,0,10.6,1,1,640.0
10.73,12,4,5,4,15.8,0,0,453.0
1.1,20,6,4,0,4.8,1,1,647.0
24.28,6,4,6,3,19.1,0,0,442.0
11.33,11,4,4,2,13.4,0,0,468.0
7.91,18,5,6,3,16.9,1,1,801.0
10.98,18,0,4,0,8.9,0,1,771.0
5.27,19,4,8,0,18.0,0,1,990.0
9.03,18,4,7,0,15.9,0,1,701.0
10.05,21,5,3,0,5.5,1,0,299.0
17.54,13,1,5,0,9.2,0,0,357.0
7.01,16,4,5,0,9.4,0,0,557.0
2.32,19,1,6,0,8.8,0,1,804.0
3.93,17,0,5,1,9.6,0,1,663.0
6.6,7,4,4,0,7.6,0,0,441.0
2.57,10,0,6,0,16.8,0,1,833.0
3.58,14,0,3,0,4.7,0,0,447.0
3.96,18,3,8,1,17.0,0,1,818.0
6.27,14,6,2,0,2.4,1,0,295.0
11.23,18,5,7,2,19.3,1,1,725.0
6.05,19,0,5,0,12.8,0,1,731.0
11.75,9,0,8,1,19.0,0,1,853.0
7.92,16,3,4,2,11.5,0,0,458.0
3.68,15,3,5,1,8.4,0,0,526.0
10.17,8,0,8,1,14.0,0,1,826.0
9.11,13,1,6,3,14.7,0,0,539.0
11.96,14,0,3,0,15.1,0,0,323.0
13.64,18,3,8,0,12.1,0,1,873.0
17.9,12,4,7,4,25.5,0,0,481.0
11.48,7,2,6,3,15.7,0,0,550.0
8.9,13,4,4,1,12.9,0,0,450.0
11.99,19,1,8,0,21.2,0,1,832.0
5.6,15,5,1,0,9.4,1,0,327.0
5.28,9,0,9,3,18.9,0,1,779.0
19.49,20,3,6,1,12.6,0,1,708.0
5.16,8,2,6,0,9.8,0,1,829.0
4.04,9,3,6,0,8.2,0,1,900.0
11.48,12,3,4,2,10.9,0,0,430.0
5.64,18,4,7,1,20.3,0,1,699.0
13.54,19,6,6,4,19.5,1,1,723.0
17.06,6,3,6,0,10.8,0,0,410.0
4.52,18,1,5,0,6.9,0,1,827.0
12.42,17,3,6,0,21.2,0,1,789.0
5.07,19,3,5,0,10.5,0,1,692.0
6.7,20,6,5,0,8.4,1,1,723.0
9.85,18,3,8,0,14.0,0,1,846.0
5.29,8,6,6,0,8.2,1,1,647.0
9.25,9,4,8,0,14.5,0,1,859.0
7.12,20,4,7,2,17.1,0,1,810.0
13.75,16,2,4,0,7.8,0,0,366.0
13.77,14,1,3,0,5.0,0,0,325.0
5.31,20,0,7,1,12.3,0,1,804.0
10.01,19,3,8,0,16.7,0,1,873.0
15.15,17,6,4,1,9.7,1,1,520.0
3.53,19,0,10,3,27.0,0,1,1000.0
7.08,7,6,2,1,10.1,1,0,319.0
9.71,18,6,4,0,16.5,1,1,634.0
3.4,21,3,4,3,13.6,0,0,491.0
5.81,6,2,5,4,14.7,0,0,459.0
22.04,8,4,7,2,17.0,0,1,678.0
5.15,18,5,3,0,11.1,1,1,591.0
5.6,14,0,4,1,13.5,0,0,338.0
11.39,7,3,3,1,7.4,0,0,308.0
3.06,9,0,7,0,9.0,0,1,712.0
7.2,9,4,5,0,13.0,0,1,840.0
4.08,9,0,10,2,19.4,0,1,841.0
9.24,19,2,7,0,14.8,0,1,796.0
0.5,17,5,6,3,19.6,1,1,854.0
8.37,18,5,8,5,28.7,1,1,893.0
9.9,3,1,1,0,1.8,0,0,311.0
5.92,11,3,3,0,6.1,0,0,378.0
6.2,9,1,10,4,25.8,0,1,966.0
5.38,19,4,6,0,8.4,0,1,906.0
7.13,21,0,4,2,13.5,0,0,483.0
19.65,11,5,2,0,4.3,1,0,261.0
14.03,22,0,5,0,8.2,0,0,537.0
7.12,3,4,3,0,10.4,0,0,420.0
5.81,9,2,5,0,13.7,0,1,844.0
13.18,18,1,10,3,21.6,0,1,926.0
8.83,10,3,5,0,14.3,0,1,791.0
3.33,20,0,6,0,8.7,0,1,731.0
6.54,8,4,6,1,11.0,0,1,728.0
18.34,18,4,8,4,26.1,0,1,835.0
11.09,8,3,6,0,13.1,0,1,820.0
5.86,8,2,7,2,15.5,0,1,894.0
2.17,12,3,4,0,5.0,0,0,507.0
9.2,21,6,1,2,6.8,1,0,284.0
7.95,15,5,4,2,11.9,1,0,392.0
6.96,16,0,6,3,14.1,0,0,543.0
13.27,1,2,5,1,11.8,0,0,423.0
11.19,6,0,5,4,22.4,0,0,494.0
2.24,6,1,3,0,9.6,0,0,334.0
7.98,18,5,8,2,20.8,1,1,769.0
2.78,8,5,4,2,9.9,1,1,691.0
5.45,9,3,7,0,9.4,0,1,868.0
2.6,16,4,4,4,12.7,0,0,578.0
2.69,15,2,5,2,17.1,0,0,516.0
9.99,11,3,4,3,11.5,0,0,577.0
9.32,0,5,3,0,7.2,1,0,305.0
7.56,12,1,3,3,10.0,0,0,504.0
5.1,18,2,5,0,6.5,0,1,751.0
2.43,8,0,8,4,19.5,0,1,849.0
5.47,17,1,8,0,13.0,0,1,803.0
9.35,4,0,5,1,10.2,0,0,531.0
9.21,20,5,6,0,8.5,1,1,656.0
18.09,21,5,4,2,13.8,1,0,292.0
16.46,0,2,3,0,6.0,0,0,348.0
7.78,12,4,5,3,16.3,0,0,473.0
5.43,11,1,4,3,12.3,0,0,548.0
4.16,19,0,6,0,8.2,0,1,897.0
2.1,14,3,4,2,22.6,0,0,509.0
3.05,16,1,3,1,7.5,0,0,459.0
9.36,8,5,5,0,10.6,1,1,718.0
11.7,6,1,3,0,4.5,0,0,371.0
6.27,17,5,4,0,6.9,1,1,592.0
30.4,16,1,4,0,11.4,0,0,295.0
3.08,19,0,7,1,17.5,0,1,873.0
1.91,19,3,6,1,10.3,0,1,838.0
30.07,16,1,5,0,10.8,0,0,230.0
2.33,14,2,4,4,14.3,0,0,484.0
6.21,20,2,7,0,25.9,0,1,802.0
4.44,18,6,6,3,16.7,1,1,813.0
9.84,19,3,9,2,17.2,0,1,825.0
5.87,23,5,4,2,17.1,1,0,357.0
11.73,11,4,3,1,11.3,0,0,369.0
13.45,17,6,6,0,15.6,1,1,722.0
2.08,17,3,9,3,17.9,0,1,976.0
4.05,8,6,5,2,11.6,1,1,744.0
12.4,16,6,3,3,14.1,1,0,409.0
15.23,11,6,3,0,7.1,1,0,341.0
8.67,12,4,2,1,9.4,0,0,281.0
10.34,8,6,5,0,19.5,1,1,717.0
18.83,18,5,5,1,18.6,1,1,633.0
5.92,17,2,8,2,16.3,0,1,789.0
8.6,14,1,3,0,7.1,0,0,367.0
16.47,8,1,7,0,12.3,0,1,803.0
17.14,15,4,3,0,12.1,0,0,450.0
7.17,7,1,5,0,8.2,0,0,352.0
4.16,10,1,5,0,6.5,0,1,798.0
7.11,10,4,5,0,6.8,0,1,866.0
7.61,19,2,5,0,10.8,0,1,868.0
4.04,11,4,4,1,11.0,0,0,244.0
4.53,16,6,4,2,9.2,1,0,498.0
17.15,19,0,8,0,13.1,0,1,834.0
10.66,11,4,2,0,7.6,0,0,222.0
6.23,19,5,6,2,12.8,1,1,680.0
3.24,7,0,6,0,9.0,0,0,546.0
4.57,10,5,5,0,9.8,1,1,700.0
1.77,7,3,2,0,2.3,0,0,350.0
8.82,15,4,5,4,14.9,0,0,505.0
4.38,21,0,4,0,7.7,0,0,458.0
9.31,17,3,9,4,21.5,0,1,876.0
12.32,16,2,3,0,7.0,0,0,362.0
9.4,9,1,6,0,9.1,0,1,817.0
5.68,20,5,5,0,10.8,1,1,635.0
3.87,12,3,3,2,11.8,0,0,369.0
2.85,9,6,4,1,9.3,1,1,643.0
16.1,22,1,6,1,11.5,0,0,381.0
9.13,11,5,4,4,18.0,1,0,365.0
5.92,10,4,7,1,15.0,0,1,725.0
11.26,6,4,3,0,5.5,0,0,384.0
14.47,8,2,8,2,17.6,0,1,882.0
4.45,18,4,7,0,15.0,0,1,772.0
8.94,13,1,3,1,13.9,0,0,380.0
9.06,21,5,5,3,13.8,1,0,381.0
18.32,7,3,5,0,14.8,0,0,347.0
5.86,16,3,3,0,7.9,0,0,460.0
3.76,17,4,6,1,11.7,0,1,757.0
9.62,16,0,5,0,10.3,0,0,396.0
11.89,14,2,3,0,8.7,0,0,331.0
8.44,15,1,3,1,6.2,0,0,459.0
19.12,17,6,7,0,13.9,1,1,648.0
5.85,19,2,6,0,12.8,0,1,910.0
8.59,10,0,8,1,14.0,0,1,853.0
2.24,12,0,0,0,0.0,0,0,409.0
3.59,16,6,1,0,1.6,1,0,247.0
4.47,9,1,10,5,24.0,0,1,915.0
6.58,8,0,7,0,10.5,0,1,796.0
2.58,21,1,4,0,8.0,0,0,394.0
11.16,8,1,7,3,26.3,0,1,747.0
4.17,8,0,7,0,19.6,0,1,897.0
27.08,16,6,4,3,14.7,1,0,298.0
4.28,6,0,4,1,16.0,0,0,423.0
7.98,6,5,5,1,10.7,1,0,383.0
7.3,6,5,3,0,4.9,1,0,299.0
3.34,7,4,4,0,5.9,0,0,509.0
6.6,12,0,5,2,11.3,0,0,498.0
6.54,18,5,4,0,11.2,1,1,647.0
13.46,10,2,7,2,15.6,0,1,852.0
9.87,11,2,3,2,9.5,0,0,414.0
11.05,16,1,3,2,8.5,0,0,419.0
13.27,9,5,5,0,7.7,1,1,707.0
11.17,12,4,4,2,15.1,0,0,375.0
8.89,10,1,6,2,15.9,0,1,762.0
4.44,10,2,6,0,9.7,0,1,762.0
8.5,11,5,3,3,10.9,1,0,334.0
3.81,1,6,1,0,0.2,1,0,331.0
6.96,19,6,9,4,28.9,1,1,768.0
6.33,22,0,2,0,2.0,0,0,362.0
6.62,19,6,6,0,9.4,1,1,653.0
2.6,0,3,1,1,5.8,0,0,490.0
0.5,18,5,5,0,8.3,1,1,746.0
5.51,15,2,2,0,2.4,0,0,383.0
15.3,7,4,3,0,10.2,0,0,424.0
7.9,20,1,9,2,18.3,0,1,800.0
14.6,18,3,7,0,14.2,0,1,895.0
3.83,7,1,2,1,4.6,0,0,346.0
5.31,21,2,4,1,11.0,0,0,521.0
28.1,7,2,4,1,13.8,0,0,384.0
4.02,12,6,2,0,18.5,1,0,349.0
10.91,8,4,6,0,12.0,0,1,838.0
10.9,7,4,4,4,14.4,0,0,532.0
10.11,21,1,4,2,9.6,0,0,440.0
11.0,15,3,6,4,19.7,0,0,498.0
3.97,9,3,7,2,17.7,0,1,867.0
5.7,18,5,5,2,15.7,1,1,713.0
0.51,19,1,8,4,19.6,0,1,948.0
18.71,20,0,7,0,25.6,0,1,850.0
10.96,20,3,9,3,21.8,0,1,918.0
4.48,20,5,5,0,8.2,1,1,686.0
3.86,16,5,2,0,9.1,1,0,267.0
15.47,10,5,6,0,21.3,1,1,702.0
4.23,20,2,5,0,7.5,0,1,662.0
4.47,7,1,4,0,10.6,0,0,386.0
3.23,8,4,7,1,19.9,0,1,892.0
12.34,12,0,3,1,7.6,0,0,438.0
14.46,9,6,6,3,15.8,1,1,711.0
6.36,16,4,3,0,4.9,0,0,402.0
14.52,20,3,6,0,12.3,0,1,772.0
9.55,13,1,5,2,20.1,0,0,526.0
3.06,15,1,3,1,5.3,0,0,408.0
17.86,11,6,4,2,16.3,1,0,270.0
3.2,17,0,5,0,6.8,0,1,789.0
6.7,7,0,3,0,9.1,0,0,519.0
6.37,6,2,7,4,22.5,0,0,515.0
5.57,16,1,3,0,5.3,0,0,387.0
1.25,14,4,3,1,10.0,0,0,419.0
24.53,11,0,3,0,8.4,0,0,464.0
1.44,9,5,5,0,7.9,1,1,630.0
18.57,6,5,6,3,17.9,1,0,371.0
3.76,17,1,5,0,6.5,0,1,741.0
4.81,11,4,3,0,5.0,0,0,322.0
17.43,12,4,3,2,9.7,0,0,304.0
10.25,19,5,5,0,10.2,1,1,689.0
2.31,18,5,5,0,8.3,1,1,727.0
2.26,8,6,4,1,8.3,1,1,647.0
9.26,17,0,6,0,13.8,0,1,862.0
3.15,7,4,4,1,19.4,0,0,345.0
10.57,8,5,6,0,9.4,1,1,593.0
11.3,17,1,7,0,14.5,0,1,739.0
4.09,7,1,2,0,2.9,0,0,376.0
5.01,9,0,8,3,27.7,0,1,890.0
9.46,19,6,5,0,7.4,1,1,638.0
3.94,18,6,8,4,18.7,1,1,847.0
7.91,20,0,4,0,6.3,0,1,813.0
29.16,19,1,7,0,13.4,0,1,753.0
9.77,9,3,8,2,20.1,0,1,862.0
5.63,16,6,3,0,8.5,1,0,309.0
26.1,10,5,7,1,21.8,1,1,734.0
12.92,17,6,7,3,21.0,1,1,866.0
3.22,10,5,7,3,16.5,1,1,821.0
3.74,0,4,5,1,8.2,0,0,432.0
1.61,7,2,4,2,14.5,0,0,502.0
9.34,18,4,5,0,7.0,0,1,774.0
1.02,7,3,2,2,10.1,0,0,406.0
26.08,16,6,4,0,12.2,1,0,303.0
6.15,19,3,7,0,20.0,0,1,844.0
13.44,18,5,6,1,12.0,1,1,747.0
5.74,11,1,3,0,5.6,0,0,336.0
9.23,8,4,8,2,18.6,0,1,752.0
6.76,20,3,7,0,10.0,0,1,772.0
7.75,15,3,4,0,6.2,0,0,407.0
16.22,11,5,2,1,5.5,1,0,145.0
21.35,21,3,3,1,14.4,0,0,329.0
20.31,8,0,8,4,23.3,0,1,926.0
40.0,12,2,4,0,13.1,0,0,313.0
4.3,7,6,0,0,1.6,1,0,254.0
9.85,7,6,4,0,12.0,1,0,260.0
4.38,11,4,1,0,1.2,0,0,427.0
15.79,17,4,8,0,16.5,0,1,767.0
3.35,10,1,8,2,17.5,0,1,885.0
16.4,17,5,7,0,14.4,1,1,700.0
8.64,18,4,9,4,22.4,0,1,927.0
7.04,19,0,8,1,14.2,0,1,928.0
7.64,6,6,4,1,9.9,1,0,376.0
2.86,18,5,5,0,6.2,1,1,696.0
3.08,7,0,4,0,6.4,0,0,422.0
8.75,17,2,8,0,12.7,0,1,839.0
8.71,10,5,5,1,10.6,1,1,664.0
4.54,17,5,5,1,13.0,1,1,714.0
6.1,8,1,6,0,16.2,0,1,779.0
10.43,17,0,7,0,11.8,0,1,754.0
3.93,7,6,2,5,15.6,1,0,340.0
1.43,8,6,7,0,10.6,1,1,715.0
19.14,16,5,3,0,7.3,1,0,230.0
9.18,10,4,7,0,10.5,0,1,896.0
5.2,17,4,4,0,6.4,0,1,797.0
4.37,17,3,5,0,7.9,0,1,756.0
3.89,16,4,5,1,10.4,0,0,442.0
15.75,17,2,7,1,17.1,0,1,827.0
2.45,18,0,5,1,8.3,0,1,904.0
9.84,20,2,7,0,16.4,0,1,849.0
9.83,7,2,4,0,11.5,0,0,309.0
12.49,15,2,5,2,12.4,0,0,501.0
5.58,18,3,6,0,17.7,0,1,868.0
18.11,8,0,8,0,20.1,0,1,925.0
12.73,9,2,6,0,9.8,0,1,735.0
5.44,9,3,8,2,30.3,0,1,917.0
4.2,15,1,3,0,3.6,0,0,423.0
6.78,10,3,8,3,20.3,0,1,841.0
5.3,17,4,6,0,10.4,0,1,734.0
3.66,16,2,5,5,25.5,0,0,594.0
7.88,17,0,7,0,10.5,0,1,699.0
6.13,9,4,7,2,16.8,0,1,768.0
20.9,18,4,8,0,13.4,0,1,809.0
5.3,17,2,7,3,15.3,0,1,890.0
4.17,7,0,5,0,10.2,0,0,527.0
7.52,8,0,7,3,23.3,0,1,902.0
8.98,9,0,9,2,21.8,0,1,886.0
9.46,20,5,7,1,12.7,1,1,793.0
9.4,9,2,7,0,16.7,0,1,778.0
7.71,5,2,3,0,5.4,0,0,366.0
7.31,7,4,5,5,17.0,0,0,524.0
11.34,5,4,5,4,18.6,0,0,528.0
3.39,11,0,3,0,7.0,0,0,406.0
4.2,18,6,5,0,7.6,1,1,585.0
1.91,12,1,4,0,13.7,0,0,439.0
3.44,19,5,5,0,6.4,1,1,672.0
14.76,6,5,2,0,7.0,1,0,257.0
11.02,12,3,3,3,13.4,0,0,410.0
22.68,18,1,8,0,19.8,0,1,802.0
19.32,17,3,9,3,23.9,0,1,762.0
11.09,19,1,10,5,25.3,0,1,971.0
8.33,9,5,6,0,8.3,1,1,783.0
7.63,13,5,3,0,5.6,1,0,260.0
0.95,17,5,6,1,9.4,1,1,729.0
7.03,8,5,6,0,13.1,1,1,681.0
4.8,18,1,8,2,22.5,0,1,874.0
3.57,9,0,5,1,9.7,0,1,725.0
9.92,7,4,2,0,11.1,0,0,494.0
6.43,18,4,6,3,15.5,0,1,861.0
7.96,17,6,7,0,16.7,1,1,680.0
3.14,19,4,5,0,10.5,0,1,730.0
13.09,19,5,7,5,23.0,1,1,790.0
5.28,9,2,6,0,8.0,0,1,648.0
9.56,16,0,2,0,2.9,0,0,415.0
5.62,23,0,4,0,6.8,0,0,386.0
0.76,8,3,4,0,6.6,0,1,782.0
10.19,12,0,2,0,5.9,0,0,384.0
6.74,20,3,7,1,11.9,0,1,873.0
1.79,7,2,2,0,3.1,0,0,417.0
2.82,20,1,8,1,15.4,0,1,906.0
13.35,13,4,4,0,6.9,0,0,444.0
1.87,19,4,8,0,13.9,0,1,827.0
5.17,16,0,5,4,15.8,0,0,649.0
23.94,17,3,8,2,17.7,0,1,809.0
10.37,18,6,5,2,11.4,1,1,684.0
12.15,6,2,5,0,8.5,0,0,360.0
6.02,16,5,2,0,4.5,1,0,270.0
1.63,20,2,10,3,21.9,0,1,974.0
8.51,21,1,6,3,18.6,0,0,523.0
3.0,21,5,2,2,7.0,1,0,441.0
2.75,17,2,7,0,9.4,0,1,788.0
7.83,16,6,3,0,7.3,1,0,341.0
3.18,14,4,4,0,4.7,0,0,354.0
7.2,16,5,4,0,11.3,1,0,464.0
4.31,16,5,2,0,3.8,1,0,216.0
7.03,6,6,1,0,1.8,1,0,376.0
4.92,7,3,1,0,1.2,0,0,341.0
7.17,16,6,1,1,6.7,1,0,146.0
18.31,9,0,7,1,13.6,0,1,850.0
12.33,9,3,9,1,17.8,0,1,849.0
6.6,8,2,8,0,14.7,0,1,801.0
16.46,18,0,9,1,25.2,0,1,886.0
9.66,21,6,6,5,22.6,1,0,502.0
15.74,16,5,2,0,6.2,1,0,269.0
2.08,21,5,1,3,6.9,1,0,399.0
3.21,19,4,5,0,6.0,0,1,779.0
8.44,8,4,5,1,22.5,0,1,843.0
6.48,7,2,2,0,2.3,0,0,332.0
7.18,8,4,6,1,15.9,0,1,853.0
10.75,7,6,4,3,12.0,1,0,331.0
8.5,15,1,4,0,5.5,0,0,333.0
13.12,9,2,7,2,17.1,0,1,804.0
12.89,20,0,9,3,22.6,0,1,867.0
3.35,16,6,2,2,5.7,1,0,382.0
0.79,10,3,6,0,8.6,0,1,713.0
3.16,22,4,2,0,4.0,0,0,449.0
2.99,21,1,6,3,14.5,0,0,493.0
7.57,18,0,8,2,15.7,0,1,707.0
7.5,18,5,8,4,20.0,1,1,734.0
6.2,22,6,1,0,3.4,1,0,242.0
9.91,16,2,5,2,11.6,0,0,485.0
30.72,19,5,8,2,20.4,1,1,667.0
6.1,6,4,2,3,8.0,0,0,352.0
8.69,15,4,5,1,11.8,0,0,404.0
7.18,13,1,2,0,4.9,0,0,297.0
4.58,6,4,4,1,9.9,0,0,461.0
10.81,7,1,6,1,12.0,0,0,454.0
5.87,5,1,4,0,5.5,0,0,449.0
3.83,9,2,5,0,7.0,0,1,658.0
4.07,6,1,4,3,14.1,0,0,456.0
13.44,11,6,4,0,8.5,1,0,419.0
10.63,18,0,6,0,16.2,0,1,817.0
4.98,16,6,2,1,4.2,1,0,282.0
9.8,17,1,9,5,42.7,0,1,927.0
7.24,5,6,3,1,6.3,1,0,381.0
8.79,19,2,5,0,8.5,0,1,838.0
4.48,7,6,3,0,11.4,1,0,259.0
3.07,9,3,6,0,10.6,0,1,733.0
5.85,14,3,3,0,3.6,0,0,405.0
3.54,20,0,7,2,16.0,0,1,878.0
3.32,23,3,4,0,5.8,0,0,453.0
2.2,18,3,6,0,11.5,0,1,913.0
0.8,17,6,8,3,20.2,1,1,765.0
5.05,14,1,4,0,5.5,0,0,418.0
15.11,17,0,6,0,10.3,0,1,784.0
12.72,7,1,5,0,9.9,0,0,455.0
20.08,9,1,8,0,13.1,0,1,724.0
3.2,22,6,2,0,3.7,1,0,256.0
11.29,22,1,7,5,24.2,0,0,540.0
6.58,9,6,5,3,15.5,1,1,831.0
4.08,8,0,6,2,18.7,0,1,785.0
13.99,8,5,6,1,15.6,1,1,666.0
6.63,13,2,3,0,8.7,0,0,447.0
1.43,8,0,10,3,20.3,0,1,881.0
12.63,17,4,6,0,15.4,0,1,783.0
9.35,6,5,2,0,12.2,1,0,177.0
7.88,7,5,2,0,5.5,1,0,289.0
2.68,9,1,8,1,18.4,0,1,874.0
8.55,18,4,6,0,9.2,0,1,777.0
18.34,9,3,5,0,9.6,0,1,654.0
9.17,12,3,5,0,14.5,0,0,456.0
1.91,17,6,5,0,7.1,1,1,680.0
9.65,18,2,8,0,12.4,0,1,886.0
9.23,9,2,8,1,19.4,0,1,883.0
11.91,17,3,8,0,12.1,0,1,710.0
9.06,9,6,5,1,10.2,1,1,624.0
3.33,17,6,4,0,6.0,1,1,618.0
7.58,12,4,1,0,1.0,0,0,348.0
5.93,20,0,6,1,13.2,0,1,795.0
8.24,22,2,4,1,7.9,0,0,412.0
14.33,18,0,6,0,9.7,0,1,912.0
4.3,20,0,6,1,15.2,0,1,787.0
22.04,7,5,4,2,12.2,1,0,381.0
9.61,17,5,7,0,10.3,1,1,685.0
12.68,8,0,7,1,12.6,0,1,660.0
11.57,9,3,6,0,16.0,0,1,785.0
9.35,14,1,6,3,15.3,0,0,571.0
10.55,18,0,6,0,13.7,0,1,810.0
0.5,17,2,10,4,28.6,0,1,1000.0
11.55,19,0,7,1,17.2,0,1,811.0
3.55,15,5,2,1,8.2,1,0,289.0
6.92,20,6,7,0,10.5,1,1,760.0
9.3,19,2,6,1,14.1,0,1,766.0
14.75,19,1,6,0,12.7,0,1,711.0
3.56,8,3,6,0,10.6,0,1,818.0
5.15,14,6,2,0,2.2,1,0,261.0
5.7,18,1,10,1,30.9,0,1,1000.0
8.31,22,4,3,2,15.4,0,0,469.0
5.97,2,0,4,4,20.5,0,0,466.0
10.59,9,2,6,0,10.9,0,1,694.0
1.48,10,3,8,3,22.8,0,1,883.0
6.53,9,2,8,3,18.4,0,1,1000.0
19.5,18,1,8,3,20.4,0,1,815.0
5.98,6,5,3,2,18.9,1,0,417.0
9.63,10,4,9,0,14.0,0,1,752.0
13.29,17,3,8,3,19.0,0,1,788.0
9.42,11,2,4,1,9.5,0,0,411.0
23.3,7,0,7,2,17.1,0,0,553.0
7.71,16,4,3,0,21.1,0,0,355.0
10.95,14,1,3,0,7.1,0,0,338.0
8.55,22,2,3,0,4.0,0,0,432.0
17.03,18,6,6,1,14.6,1,1,765.0
5.35,22,4,1,0,0.9,0,0,373.0
24.49,8,4,9,3,22.1,0,1,871.0
4.39,18,1,7,0,16.4,0,1,772.0
20.7,14,3,4,0,7.2,0,0,271.0
3.22,17,0,7,0,9.4,0,1,741.0
11.18,12,1,4,0,7.8,0,0,343.0
7.24,8,5,4,0,5.5,1,1,649.0
13.11,6,3,5,2,13.5,0,0,376.0
9.8,19,4,10,5,24.8,0,1,965.0
12.65,18,5,4,0,5.9,1,1,594.0
3.12,8,6,7,0,10.4,1,1,689.0
1.76,17,0,6,2,19.9,0,1,911.0
2.7,18,4,5,0,9.2,0,1,718.0
2.64,15,6,3,2,8.7,1,0,442.0
3.09,9,1,7,1,11.6,0,1,881.0
4.62,19,6,7,3,18.8,1,1,724.0
4.59,16,4,4,0,10.5,0,0,505.0
7.36,17,2,8,5,27.4,0,1,867.0
3.77,17,5,7,4,18.3,1,1,878.0
4.02,17,6,5,0,8.7,1,1,698.0
6.25,7,0,4,0,16.1,0,0,347.0
14.31,20,4,7,0,14.9,0,1,699.0
5.28,9,6,5,0,9.3,1,1,650.0
7.02,19,4,8,5,22.6,0,1,972.0
7.86,19,3,5,0,7.1,0,1,736.0
3.4,17,0,7,0,14.2,0,1,812.0
5.67,16,3,4,0,8.4,0,0,424.0
4.28,7,6,0,1,1.6,1,0,140.0
13.43,12,5,5,3,14.3,1,0,424.0
12.71,16,3,4,1,8.8,0,0,486.0
3.94,7,2,3,1,6.4,0,0,467.0
6.92,7,5,1,0,4.3,1,0,234.0
10.95,23,6,2,2,11.3,1,0,256.0
9.08,9,2,6,0,18.6,0,1,728.0
9.76,10,5,5,0,10.1,1,1,588.0
3.42,8,2,9,1,23.4,0,1,1000.0
20.22,17,5,9,5,26.6,1,1,796.0
4.55,12,6,5,2,12.2,1,0,448.0
4.45,18,4,7,1,11.3,0,1,875.0
2.42,13,3,4,0,6.4,0,0,439.0
6.45,4,2,2,0,4.3,0,0,314.0
15.3,13,0,4,1,13.1,0,0,438.0
9.01,6,0,4,1,8.8,0,0,357.0
6.82,18,5,7,2,13.7,1,1,781.0
12.1,7,4,4,1,9.0,0,0,346.0
15.05,8,1,7,0,12.2,0,1,739.0
12.69,12,3,4,0,7.5,0,0,361.0
1.3,8,6,5,0,6.2,1,1,767.0
12.17,14,4,4,2,15.1,0,0,294.0
10.02,12,6,4,5,19.3,1,0,555.0
3.87,21,0,5,1,17.1,0,0,440.0
10.05,7,0,4,1,8.5,0,0,409.0
15.32,15,4,5,1,13.6,0,0,451.0
4.71,17,4,6,0,11.7,0,1,812.0
13.29,7,4,5,0,8.6,0,0,457.0
9.15,16,6,0,0,1.2,1,0,259.0
0.5,19,0,8,4,19.7,0,1,1000.0
7.19,18,6,4,0,5.3,1,1,679.0
8.9,20,0,8,1,16.5,0,1,830.0
5.84,17,3,6,0,8.3,0,1,743.0
9.39,11,5,1,1,3.6,1,0,226.0
6.65,20,4,7,0,12.4,0,1,881.0
27.64,8,1,10,4,28.8,0,1,973.0
5.54,15,4,3,0,5.6,0,0,456.0
3.96,18,6,7,4,22.6,1,1,622.0
12.85,19,1,7,1,14.7,0,1,661.0
6.08,20,6,7,0,15.9,1,1,726.0
6.91,7,4,4,2,10.7,0,0,441.0
6.49,17,0,8,1,17.7,0,1,853.0
12.39,8,2,7,0,11.4,0,1,850.0
3.07,18,6,7,2,14.5,1,1,836.0
13.27,17,2,7,1,13.3,0,1,801.0
10.58,8,6,5,1,10.7,1,1,577.0
22.09,19,2,7,2,22.0,0,1,717.0
8.42,12,2,4,1,19.4,0,0,460.0
3.27,14,5,1,0,0.0,1,0,288.0
8.49,22,5,4,0,5.7,1,0,238.0
9.24,17,1,6,0,11.4,0,1,810.0
16.18,15,5,2,1,9.0,1,0,159.0
3.26,4,1,4,0,8.1,0,0,272.0
1.91,8,6,6,0,9.2,1,1,654.0
8.61,5,0,5,2,15.2,0,0,557.0
22.7,9,4,8,0,13.9,0,1,845.0
11.64,10,1,7,0,18.3,0,1,703.0
12.1,14,4,5,3,13.4,0,0,377.0
2.36,17,6,8,2,18.0,1,1,841.0
7.64,8,4,9,2,17.3,0,1,851.0
16.38,16,3,5,0,14.9,0,0,493.0
9.31,20,5,7,1,15.5,1,1,769.0
1.78,8,1,9,4,23.8,0,1,1000.0
7.53,17,3,5,0,11.1,0,1,710.0
11.1,6,6,2,0,4.3,1,0,286.0
6.95,14,2,5,0,7.8,0,0,553.0
3.61,18,0,9,3,18.5,0,1,922.0
13.11,6,3,4,0,12.1,0,0,397.0
5.37,9,3,8,0,14.8,0,1,808.0
9.93,19,5,6,1,11.7,1,1,596.0
7.39,8,5,8,4,20.3,1,1,742.0
5.22,17,2,7,0,15.7,0,1,766.0
24.32,16,5,4,1,11.9,1,0,174.0
4.77,8,1,9,4,24.5,0,1,847.0
7.84,18,1,8,0,11.9,0,1,668.0
7.37,14,4,5,1,11.0,0,0,407.0
8.46,7,4,3,0,5.4,0,0,423.0
23.18,21,5,3,0,19.9,1,0,250.0
11.11,13,4,5,0,13.0,0,0,410.0
5.18,18,0,6,0,9.5,0,1,829.0
18.72,8,4,6,0,10.7,0,1,827.0
12.42,7,3,4,2,17.8,0,0,584.0
5.26,18,1,6,0,8.3,0,1,788.0
16.91,17,2,7,0,11.7,0,1,738.0
2.34,9,5,5,1,8.6,1,1,674.0
2.96,18,1,9,4,20.2,0,1,971.0
1.66,13,3,3,0,4.1,0,0,399.0
0.98,10,0,8,0,10.3,0,1,831.0
16.14,18,5,4,0,8.9,1,1,601.0
8.54,16,1,4,3,17.9,0,0,423.0
1.82,13,6,3,3,10.1,1,0,238.0
7.23,18,6,6,0,9.4,1,1,644.0
13.56,14,5,4,0,8.9,1,0,385.0
4.12,20,2,6,1,11.3,0,1,892.0
5.84,18,5,7,1,13.5,1,1,791.0
25.05,10,0,6,0,11.7,0,1,671.0
6.26,12,2,4,0,7.7,0,0,369.0
1.98,21,0,2,0,3.4,0,0,485.0
4.93,19,0,7,1,17.5,0,1,775.0
1.7,8,2,10,5,30.7,0,1,1000.0
11.73,9,4,8,0,19.5,0,1,921.0
3.65,10,6,5,3,12.9,1,1,742.0
3.55,19,0,6,0,8.5,0,1,770.0
26.5,20,2,9,1,23.9,0,1,868.0
2.68,18,4,8,3,20.6,0,1,910.0
2.25,9,1,7,1,12.6,0,1,849.0
3.1,19,5,3,0,5.7,1,1,728.0
13.85,5,3,5,0,7.9,0,0,249.0
10.71,11,3,6,2,13.2,0,0,499.0
4.88,10,0,7,1,12.4,0,1,779.0
4.53,14,1,3,0,6.2,0,0,390.0
10.15,15,6,3,1,7.3,1,0,311.0
8.77,8,6,7,0,15.7,1,1,673.0
6.57,8,3,7,0,11.3,0,1,814.0
10.96,18,4,7,2,14.3,0,1,841.0
2.92,6,3,4,0,4.5,0,0,435.0
3.7,13,3,3,0,5.7,0,0,411.0
11.35,8,4,7,0,13.1,0,1,777.0
9.28,9,3,7,4,19.9,0,1,864.0
7.61,9,0,7,0,10.2,0,1,797.0
25.91,17,0,9,0,17.4,0,1,711.0
12.63,12,5,3,0,7.6,1,0,356.0
5.0,9,5,6,0,10.8,1,1,692.0
3.98,19,1,6,0,13.8,0,1,777.0
9.59,7,0,4,0,11.1,0,0,436.0
16.1,18,1,8,0,13.4,0,1,775.0
1.44,8,4,8,1,13.4,0,1,936.0
9.11,20,4,8,0,12.0,0,1,863.0
5.77,0,1,3,0,5.1,0,0,399.0
8.54,15,1,4,2,9.4,0,0,496.0
2.1,16,1,3,0,7.7,0,0,432.0
16.1,15,3,3,0,4.9,0,0,277.0
18.99,18,1,8,5,28.5,0,1,937.0
11.86,7,3,5,1,22.8,0,0,355.0
21.49,11,0,5,1,13.8,0,0,188.0
5.55,19,6,6,1,11.7,1,1,754.0
8.96,19,6,8,4,27.4,1,1,848.0
11.98,13,2,2,0,4.6,0,0,368.0
9.68,15,5,2,0,8.7,1,0,362.0
6.11,18,3,7,2,14.6,0,1,839.0
6.62,18,0,7,0,12.8,0,1,782.0
17.88,19,1,6,1,11.8,0,1,795.0
7.33,19,0,6,0,12.2,0,1,739.0
15.5,11,4,3,0,10.1,0,0,350.0
7.05,17,5,7,1,12.5,1,1,741.0
15.44,13,4,5,1,12.6,0,0,442.0
7.91,7,0,5,1,11.6,0,0,433.0
11.31,18,1,7,0,11.4,0,1,750.0
4.4,16,3,3,0,5.9,0,0,335.0
8.95,6,1,5,2,20.1,0,0,441.0
4.45,17,0,6,0,8.7,0,1,893.0
5.45,9,2,6,1,15.4,0,1,798.0
5.79,6,4,2,1,6.2,0,0,404.0
6.54,16,0,3,0,9.0,0,0,312.0
14.28,17,6,7,0,11.0,1,1,829.0
5.28,14,3,6,2,13.9,0,0,452.0
8.31,0,1,3,0,5.9,0,0,314.0
15.47,15,0,2,0,3.8,0,0,324.0
11.15,0,6,5,4,16.1,1,0,351.0
1.48,20,4,6,0,9.4,0,1,821.0
2.04,9,6,4,2,11.5,1,1,615.0
9.81,19,5,2,0,3.2,1,1,650.0
5.08,2,6,1,0,1.6,1,0,316.0
1.77,7,6,2,1,3.8,1,0,306.0
4.79,12,5,1,0,0.5,1,0,159.0
10.06,18,5,7,2,32.7,1,1,738.0
5.74,21,5,1,0,2.8,1,0,264.0
7.74,14,1,4,1,10.2,0,0,359.0
6.14,10,4,10,2,21.0,0,1,851.0
4.27,6,6,2,1,4.1,1,0,366.0
8.82,15,6,2,0,5.4,1,0,282.0
1.59,10,0,6,0,10.5,0,1,810.0
3.84,20,0,7,0,13.2,0,1,850.0
12.6,13,1,6,3,18.4,0,0,489.0
2.1,18,5,4,1,7.4,1,1,675.0
7.46,19,2,7,1,21.0,0,1,867.0
5.4,7,4,3,0,7.9,0,0,452.0
5.01,12,0,3,0,5.9,0,0,429.0
13.41,19,0,9,0,16.5,0,1,909.0
15.18,11,5,3,0,5.9,1,0,265.0
3.09,15,2,3,0,11.8,0,0,345.0
6.58,19,0,8,0,13.2,0,1,889.0
1.17,8,1,6,0,7.8,0,1,781.0
12.91,19,2,5,1,11.8,0,1,705.0
7.18,11,2,5,0,9.8,0,0,480.0
1.97,15,6,2,0,2.8,1,0,318.0
4.0,9,1,5,2,11.8,0,1,729.0
2.85,14,4,2,1,4.5,0,0,441.0
3.81,6,1,4,0,6.7,0,0,537.0
1.3,6,3,2,2,6.9,0,0,448.0
17.76,11,2,5,0,10.4,0,0,376.0
3.2,10,2,7,1,11.3,0,1,729.0
7.45,16,4,6,3,15.0,0,0,635.0
10.0,6,4,3,0,7.9,0,0,352.0
15.19,8,0,8,1,17.8,0,1,729.0
7.64,8,1,7,0,10.5,0,1,800.0
6.07,12,1,3,0,4.3,0,0,450.0
7.87,8,6,4,0,6.1,1,1,709.0
3.08,7,2,4,0,4.6,0,0,382.0
3.3,16,4,1,0,8.3,0,0,372.0
5.97,18,3,8,0,17.3,0,1,839.0
0.84,17,2,6,0,8.3,0,1,858.0
4.34,9,0,7,0,17.6,0,1,865.0
5.15,19,3,4,0,5.9,0,1,753.0
23.57,16,6,2,0,6.6,1,0,265.0
16.49,16,6,2,0,4.9,1,0,155.0
9.97,8,2,7,0,11.7,0,1,811.0
13.12,8,3,7,2,19.1,0,1,836.0
3.28,13,2,8,5,24.9,0,0,621.0
8.02,8,6,5,0,10.2,1,1,650.0
12.06,17,3,6,0,22.5,0,1,799.0
3.3,9,6,6,3,16.8,1,1,731.0
2.05,7,5,1,1,5.8,1,0,464.0
9.26,7,2,4,5,15.8,0,0,579.0
2.28,7,3,5,2,11.0,0,0,556.0
10.61,12,3,5,2,17.7,0,0,442.0
15.02,0,1,4,0,6.9,0,0,318.0
3.39,14,5,3,0,5.6,1,0,303.0
3.62,9,3,7,1,11.5,0,1,835.0
14.73,14,1,3,1,7.5,0,0,287.0
7.67,20,3,8,2,22.4,0,1,903.0
13.46,19,5,7,5,23.4,1,1,851.0
6.13,15,2,3,0,5.6,0,0,259.0
6.49,11,4,3,0,4.9,0,0,335.0
7.52,17,6,6,3,14.3,1,1,813.0
20.56,20,2,7,3,20.0,0,1,828.0
12.77,13,6,2,2,15.3,1,0,260.0
4.23,7,2,4,1,13.5,0,0,502.0
8.44,18,3,8,5,22.5,0,1,878.0
5.81,1,5,3,0,5.7,1,0,291.0
5.01,18,0,8,0,12.6,0,1,761.0
10.41,7,4,2,0,6.1,0,0,358.0
9.0,7,3,4,0,5.9,0,0,460.0
3.43,18,4,9,2,25.3,0,1,892.0
7.54,17,6,5,0,6.8,1,1,695.0
4.89,15,3,3,1,7.3,0,0,415.0
9.96,18,6,6,0,9.2,1,1,736.0
4.72,19,3,7,2,15.4,0,1,821.0
6.52,12,1,5,0,8.2,0,0,529.0
5.12,23,4,3,1,7.8,0,0,459.0
1.53,10,1,6,0,11.2,0,1,819.0
19.91,8,6,7,0,13.8,1,1,675.0
7.48,19,1,7,0,13.3,0,1,774.0
20.36,11,3,5,1,10.8,0,0,363.0
7.72,19,5,4,1,12.6,1,1,685.0
11.7,6,0,5,5,21.6,0,0,450.0
4.46,7,3,6,3,15.7,0,0,491.0
4.55,6,3,2,0,3.5,0,0,320.0
7.18,16,2,4,0,6.2,0,0,443.0
20.24,19,4,8,0,15.3,0,1,804.0
3.53,11,2,3,0,4.3,0,0,477.0
1.17,7,2,5,0,7.5,0,0,437.0
14.51,10,1,8,3,18.7,0,1,798.0
12.18,10,4,8,4,20.5,0,1,789.0
5.35,17,6,5,0,7.5,1,1,685.0
25.33,17,1,8,2,23.2,0,1,881.0
26.02,7,2,6,3,17.0,0,0,429.0
1.42,11,1,1,0,2.0,0,0,369.0
4.37,16,1,6,3,19.3,0,0,538.0
7.14,9,6,8,5,23.8,1,1,849.0
9.78,11,4,6,4,17.0,0,0,581.0
8.79,16,6,6,2,13.6,1,0,512.0
7.46,11,4,3,0,4.8,0,0,415.0
3.09,5,4,2,0,12.5,0,0,443.0
10.62,8,5,8,5,22.3,1,1,799.0
11.04,18,4,7,0,13.4,0,1,780.0
13.85,8,5,7,0,11.2,1,1,670.0
2.72,18,2,6,0,8.3,0,1,769.0
6.33,12,0,2,0,4.7,0,0,379.0
5.15,12,3,2,0,4.6,0,0,414.0
2.67,18,0,6,2,13.2,0,1,837.0
6.25,10,0,7,1,13.3,0,1,805.0
3.22,8,0,6,0,13.8,0,1,812.0
2.29,7,0,5,0,13.5,0,0,413.0
12.29,17,4,5,1,12.4,0,1,804.0
5.32,12,4,5,2,15.1,0,0,465.0
4.2,18,6,6,3,16.3,1,1,691.0
16.1,12,2,5,3,20.3,0,0,498.0
11.26,11,2,3,0,4.9,0,0,399.0
1.04,9,3,9,3,31.3,0,1,912.0
9.82,8,5,7,1,15.6,1,1,760.0
9.79,18,6,6,1,10.5,1,1,727.0
6.06,7,5,4,1,7.5,1,0,460.0
5.89,20,3,7,0,14.2,0,1,798.0
1.72,5,6,3,0,13.2,1,0,343.0
25.14,14,1,5,1,15.7,0,0,352.0
6.24,6,3,4,0,9.6,0,0,452.0
9.46,18,1,7,2,15.9,0,1,829.0
6.5,8,1,6,0,18.2,0,1,863.0
4.26,15,2,6,1,14.8,0,0,471.0
12.92,20,5,6,3,15.0,1,1,745.0
8.26,17,2,6,0,11.7,0,1,762.0
6.28,8,5,3,0,9.0,1,1,522.0
9.39,18,4,6,1,17.0,0,1,838.0
6.95,12,4,2,0,3.5,0,0,260.0
21.25,3,1,3,0,7.2,0,0,320.0
12.63,13,6,4,2,12.9,1,0,333.0
10.46,18,1,7,0,11.8,0,1,784.0
1.93,12,2,2,1,4.4,0,0,407.0
10.71,18,5,5,0,11.0,1,1,657.0
10.53,17,4,8,0,13.2,0,1,828.0
3.27,12,2,5,0,6.9,0,0,439.0
1.89,9,1,9,4,21.4,0,1,1000.0
12.29,17,3,5,1,9.9,0,1,728.0
13.32,10,3,8,0,14.1,0,1,723.0
4.57,8,0,8,0,11.4,0,1,743.0
4.4,9,1,5,1,8.6,0,1,819.0
8.16,19,1,8,1,18.6,0,1,752.0
5.31,9,1,7,0,12.8,0,1,738.0
1.85,8,2,6,0,11.4,0,1,723.0
3.24,7,0,3,0,4.4,0,0,430.0
9.22,6,4,4,1,8.3,0,0,499.0
3.4,22,4,5,2,12.7,0,0,434.0
13.77,14,1,5,1,12.9,0,0,456.0
10.41,17,6,4,1,9.4,1,1,489.0
9.48,18,4,6,0,12.2,0,1,727.0
8.04,10,2,7,1,13.0,0,1,849.0
4.11,18,1,9,1,14.2,0,1,851.0
11.39,21,3,1,0,2.6,0,0,384.0
4.01,18,6,6,4,16.2,1,1,641.0
14.27,17,0,5,0,8.9,0,1,678.0
19.15,12,0,3,1,9.6,0,0,388.0
8.23,19,2,8,1,15.7,0,1,864.0
17.55,7,6,3,3,12.3,1,0,345.0
3.28,18,1,4,0,7.4,0,1,762.0
10.49,10,5,7,3,26.0,1,1,710.0
7.32,15,4,6,0,12.5,0,0,416.0
12.43,19,1,5,0,9.1,0,1,870.0
1.1,16,6,4,3,17.7,1,0,347.0
11.94,5,1,5,0,10.0,0,0,331.0
4.43,17,3,7,1,11.4,0,1,865.0
7.59,20,4,9,0,12.8,0,1,773.0
24.87,16,4,5,4,18.5,0,0,547.0
10.73,19,5,8,2,25.7,1,1,945.0
9.79,18,4,8,0,16.4,0,1,805.0
9.25,19,4,8,2,15.6,0,1,866.0
15.26,10,1,5,0,18.3,0,1,637.0
12.71,13,2,3,1,10.2,0,0,453.0
9.32,19,2,5,2,11.0,0,1,645.0
8.54,20,2,8,2,16.4,0,1,772.0
8.15,7,0,4,1,7.4,0,0,429.0
7.04,8,0,8,2,16.5,0,1,893.0
2.68,10,3,7,1,11.3,0,1,743.0
10.58,18,5,9,4,32.1,1,1,814.0
4.79,19,6,5,0,6.6,1,1,569.0
6.43,15,6,1,0,3.3,1,0,240.0
13.29,7,3,5,2,11.7,0,0,395.0
7.16,9,6,8,0,12.2,1,1,690.0
6.76,19,3,7,0,11.0,0,1,838.0
8.24,10,3,7,2,15.2,0,1,849.0
5.83,7,1,4,1,7.4,0,0,466.0
24.53,9,4,8,0,14.8,0,1,740.0
22.42,18,2,7,0,13.4,0,1,778.0
22.05,13,3,4,0,9.9,0,0,350.0
9.27,8,6,5,0,7.9,1,1,623.0
4.55,9,3,8,0,13.3,0,1,868.0
13.52,21,2,6,3,15.5,0,0,460.0
5.87,12,4,3,0,5.3,0,0,374.0
14.31,12,5,4,2,13.8,1,0,401.0
4.38,7,4,5,5,28.8,0,0,635.0
9.74,9,0,7,0,16.7,0,1,784.0
15.64,18,1,10,5,28.1,0,1,986.0
6.11,18,0,4,0,6.0,0,1,656.0
6.1,12,6,0,1,3.8,1,0,240.0
2.08,19,2,9,5,24.1,0,1,920.0
4.49,10,3,6,2,14.5,0,1,829.0
9.15,19,6,4,0,7.7,1,1,678.0
10.12,5,6,1,0,4.1,1,0,278.0
11.14,10,1,8,0,12.2,0,1,826.0
1.38,19,6,7,4,20.6,1,1,826.0
5.89,20,5,6,0,11.0,1,1,685.0
2.32,18,4,7,1,11.4,0,1,906.0
8.83,17,1,6,0,9.3,0,1,673.0
1.72,18,4,7,0,10.0,0,1,778.0
2.97,17,4,7,0,15.7,0,1,854.0
12.57,9,3,7,0,13.2,0,1,871.0
4.91,12,4,4,1,8.2,0,0,418.0
17.65,17,1,8,0,15.2,0,1,765.0
11.34,15,4,3,0,13.7,0,0,317.0
6.14,19,1,8,1,14.0,0,1,810.0
13.9,13,2,4,0,11.7,0,0,437.0
6.53,8,3,7,2,20.2,0,1,950.0
12.1,8,1,9,1,17.0,0,1,825.0
4.32,19,6,4,1,8.2,1,1,623.0
14.43,1,6,2,0,6.8,1,0,256.0
1.89,19,3,6,0,8.4,0,1,698.0
2.96,6,3,4,2,10.9,0,0,544.0
3.42,11,2,6,3,14.0,0,0,453.0
4.69,18,1,5,0,9.2,0,1,785.0
9.38,11,6,6,0,9.4,1,0,372.0
7.44,18,2,6,0,9.3,0,1,810.0
12.19,7,6,3,1,12.4,1,0,326.0
15.79,13,0,4,0,7.7,0,0,374.0
1.69,15,0,5,5,16.7,0,0,578.0
17.02,19,3,6,0,10.5,0,1,783.0
6.43,7,5,5,5,17.8,1,0,552.0
21.78,10,2,6,0,13.7,0,1,655.0
4.16,17,5,3,0,4.8,1,1,519.0
1.22,22,0,2,0,4.2,0,0,300.0
11.42,19,5,7,0,13.0,1,1,585.0
10.95,19,3,10,5,31.0,0,1,892.0
3.03,14,1,1,0,0.5,0,0,276.0
3.3,15,4,4,0,9.7,0,0,411.0
12.8,19,5,6,5,21.3,1,1,816.0
9.69,19,6,5,0,12.0,1,1,700.0
5.96,18,0,5,0,11.2,0,1,729.0
10.37,18,4,8,0,13.1,0,1,774.0
9.04,19,2,7,0,12.4,0,1,913.0
3.61,7,3,6,3,20.8,0,0,582.0
13.44,9,3,7,0,16.5,0,1,795.0
11.76,22,5,3,2,9.4,1,0,325.0
7.56,14,2,2,0,2.3,0,0,342.0
12.81,8,1,6,0,12.0,0,1,877.0
23.51,13,3,6,2,16.0,0,0,417.0
3.27,17,4,8,2,15.0,0,1,881.0
6.16,18,5,6,1,11.4,1,1,610.0
6.39,18,0,8,0,19.6,0,1,806.0
12.62,6,3,2,0,3.2,0,0,306.0
4.64,12,0,5,2,11.8,0,0,512.0
12.16,5,4,3,1,6.4,0,0,336.0
5.08,19,4,8,0,15.1,0,1,839.0
2.95,8,5,6,0,7.9,1,1,662.0
7.88,16,1,5,2,12.0,0,0,403.0
5.0,15,5,1,0,2.4,1,0,194.0
8.44,16,4,6,1,10.8,0,0,456.0
9.89,15,4,6,1,17.6,0,0,486.0
1.81,17,4,7,0,12.8,0,1,815.0
5.45,16,3,5,0,6.7,0,0,386.0
7.88,7,0,4,1,15.9,0,0,440.0
12.84,10,5,5,1,15.1,1,1,652.0
11.82,14,2,6,3,16.9,0,0,435.0
3.87,9,0,6,1,11.2,0,1,813.0
6.62,18,4,8,0,18.6,0,1,949.0
10.24,9,6,7,0,10.6,1,1,683.0
6.29,18,4,7,1,12.0,0,1,730.0
4.19,7,1,3,0,6.7,0,0,493.0
7.23,18,5,7,2,13.9,1,1,819.0
9.59,8,5,6,0,8.5,1,1,756.0
3.57,14,2,3,0,5.6,0,0,402.0
11.0,9,3,5,0,9.3,0,1,691.0
8.21,16,5,5,3,14.6,1,0,345.0
11.27,8,1,8,1,22.6,0,1,914.0
7.12,18,2,10,1,18.5,0,1,984.0
21.3,15,3,4,0,10.6,0,0,303.0
9.47,21,0,5,3,13.1,0,0,327.0
12.12,17,1,9,3,20.1,0,1,879.0
10.97,16,4,4,0,10.2,0,0,349.0
6.56,18,1,6,2,13.3,0,1,774.0
8.9,8,1,8,3,17.8,0,1,855.0
4.73,16,2,4,0,9.4,0,0,454.0
20.33,11,0,4,0,9.9,0,0,313.0
10.19,18,4,8,1,16.8,0,1,841.0
3.99,5,1,3,0,3.4,0,0,389.0
17.46,11,4,5,2,17.5,0,0,304.0
6.81,17,5,7,1,12.5,1,1,760.0
13.26,12,3,3,0,4.7,0,0,331.0
1.77,8,6,3,0,10.4,1,1,581.0
15.45,12,1,4,1,8.5,0,0,348.0
9.91,19,6,4,0,5.7,1,1,637.0
3.73,8,2,4,0,9.2,0,1,756.0
9.79,10,2,7,0,22.8,0,1,859.0
19.05,23,6,4,2,11.4,1,0,335.0
4.84,20,3,8,0,12.2,0,1,759.0
4.79,6,5,1,0,3.5,1,0,90.0
6.49,14,5,3,2,9.1,1,0,347.0
7.83,6,3,5,0,19.1,0,0,500.0
13.83,20,2,7,1,28.7,0,1,822.0
10.28,12,3,4,0,5.8,0,0,433.0
6.48,11,2,6,2,14.2,0,0,439.0
9.16,9,2,5,0,13.1,0,1,737.0
21.03,15,1,4,0,8.2,0,0,297.0
11.49,7,6,4,0,6.3,1,0,341.0
7.0,18,4,8,4,19.8,0,1,843.0
6.35,13,5,4,2,10.3,1,0,486.0
8.79,15,4,4,0,10.0,0,0,382.0
13.72,19,2,9,0,13.6,0,1,859.0
4.32,8,2,7,0,9.7,0,1,776.0
12.52,8,6,8,0,14.3,1,1,791.0
6.9,11,0,4,0,8.5,0,0,494.0
7.64,18,2,6,3,14.2,0,1,809.0
31.66,6,5,3,0,13.0,1,0,227.0
11.7,18,3,9,3,19.7,0,1,957.0
5.12,13,4,4,0,10.6,0,0,449.0
9.89,15,0,4,2,12.7,0,0,388.0
14.16,15,1,6,0,11.0,0,0,431.0
11.79,6,4,3,0,4.4,0,0,319.0
1.01,8,2,8,2,17.3,0,1,898.0
7.42,18,3,7,0,10.8,0,1,748.0
10.18,11,6,2,3,9.2,1,0,342.0
9.64,15,4,4,2,21.5,0,0,364.0
5.44,21,4,8,5,24.1,0,0,545.0
11.92,6,1,4,3,12.8,0,0,401.0
15.5,12,4,4,0,6.9,0,0,363.0
1.87,10,6,4,0,5.4,1,1,569.0
1.71,7,4,3,1,7.7,0,0,380.0
9.83,21,5,1,0,3.5,1,0,291.0
12.57,21,6,4,1,9.9,1,0,373.0
4.85,9,6,4,0,5.7,1,1,495.0
1.08,21,2,5,1,7.8,0,0,437.0
7.51,6,2,3,0,6.6,0,0,466.0
9.73,22,1,4,0,12.0,0,0,437.0
6.11,19,5,7,4,23.4,1,1,829.0
14.39,8,2,6,3,19.2,0,1,847.0
9.34,16,5,2,0,5.1,1,0,212.0
4.46,18,5,6,0,13.7,1,1,722.0
4.82,9,4,9,2,17.7,0,1,920.0
7.62,10,0,6,0,8.2,0,1,775.0
5.81,16,4,3,1,8.3,0,0,393.0
1.6,7,1,5,2,10.4,0,0,489.0
8.8,7,3,5,0,7.6,0,0,355.0
4.92,8,1,6,0,12.8,0,1,831.0
5.58,18,0,5,0,7.7,0,1,672.0
3.25,10,4,6,0,10.4,0,1,746.0
19.36,13,3,3,1,19.3,0,0,430.0
11.25,8,4,7,0,19.7,0,1,822.0
22.38,8,3,8,4,25.9,0,1,818.0
6.09,17,2,8,2,20.4,0,1,773.0
11.68,7,0,4,0,10.6,0,0,398.0
8.91,17,1,8,1,15.4,0,1,796.0
4.6,11,6,0,0,3.3,1,0,278.0
6.05,17,5,3,0,6.6,1,1,596.0
11.24,10,3,9,1,21.7,0,1,755.0
3.24,19,0,6,0,8.7,0,1,706.0
14.48,6,6,1,0,9.9,1,0,217.0
8.42,19,5,5,0,11.8,1,1,674.0
13.28,9,0,7,0,11.1,0,1,700.0
9.76,6,1,4,1,13.3,0,0,386.0
1.88,15,1,6,5,32.7,0,0,665.0
7.42,8,6,6,1,11.8,1,1,771.0
14.68,12,6,5,5,19.2,1,0,428.0
8.33,18,2,9,1,19.3,0,1,849.0
7.56,18,1,7,0,16.0,0,1,773.0
8.32,16,4,5,3,16.9,0,0,528.0
1.48,22,1,4,0,4.6,0,0,410.0
15.66,12,0,4,0,6.6,0,0,427.0
0.79,6,1,4,4,15.5,0,0,579.0
17.74,18,1,7,1,15.3,0,1,801.0
5.78,8,0,9,4,25.3,0,1,908.0
10.22,8,4,6,0,10.4,0,1,738.0
1.35,6,2,3,2,9.9,0,0,357.0
12.48,9,3,5,0,14.0,0,1,743.0
11.13,9,3,4,0,6.5,0,1,706.0
10.69,9,5,6,3,17.7,1,1,652.0
1.29,15,5,2,0,4.7,1,0,446.0
4.12,18,3,6,1,11.1,0,1,840.0
9.8,20,5,8,3,17.6,1,1,724.0
15.39,7,3,4,3,18.8,0,0,574.0
3.64,7,0,4,0,5.8,0,0,393.0
3.73,15,6,2,0,1.9,1,0,335.0
9.37,7,5,6,3,15.3,1,0,419.0
29.92,10,2,9,1,18.0,0,1,738.0
4.66,16,2,2,0,10.2,0,0,375.0
5.72,18,6,6,0,11.8,1,1,784.0
5.11,8,2,8,0,10.9,0,1,876.0
6.91,17,2,6,4,23.6,0,1,866.0
16.17,17,5,6,0,12.9,1,1,531.0
7.17,19,2,8,2,15.1,0,1,873.0
31.71,9,2,8,0,18.6,0,1,652.0
8.12,18,5,3,0,4.0,1,1,642.0
17.16,18,1,7,1,18.8,0,1,746.0
6.05,8,0,7,3,17.2,0,1,826.0
2.69,16,2,5,0,8.9,0,0,416.0
7.17,17,1,6,0,13.1,0,1,846.0
10.8,9,2,7,1,15.1,0,1,701.0
4.15,12,0,3,0,5.5,0,0,446.0
15.47,12,4,4,0,11.8,0,0,408.0
5.3,18,3,7,1,14.7,0,1,826.0
3.25,0,1,2,0,5.3,0,0,360.0
28.05,13,4,5,1,14.5,0,0,400.0
3.98,8,1,6,0,9.5,0,1,762.0
5.18,17,0,5,2,13.4,0,1,778.0
11.99,17,3,8,2,17.8,0,1,845.0
5.89,13,1,5,3,20.2,0,0,619.0
3.35,14,5,3,1,5.0,1,0,237.0
4.8,9,2,6,1,13.2,0,1,840.0
23.32,9,3,7,0,12.7,0,1,721.0
11.05,18,2,8,0,11.7,0,1,786.0
12.52,7,3,3,0,5.7,0,0,273.0
9.06,18,0,8,2,16.1,0,1,744.0
10.13,17,6,4,0,6.9,1,1,648.0
5.56,19,1,7,0,10.3,0,1,726.0
8.29,9,2,7,1,16.0,0,1,882.0
1.17,13,5,3,1,8.8,1,0,288.0
14.08,6,2,3,0,4.9,0,0,388.0
5.53,20,4,6,0,11.5,0,1,753.0
2.9,17,0,5,1,15.4,0,1,770.0
8.63,16,2,5,4,16.1,0,0,451.0
6.55,17,5,6,1,10.4,1,1,730.0
13.76,9,1,5,0,11.2,0,1,775.0
7.28,16,2,4,3,11.9,0,0,448.0
4.71,18,0,7,0,10.0,0,1,840.0
7.41,7,3,3,0,6.0,0,0,389.0
18.42,21,2,4,0,10.9,0,0,292.0
14.06,19,6,4,0,8.1,1,1,636.0
11.03,21,2,4,1,12.1,0,0,405.0
14.45,18,5,6,1,13.3,1,1,520.0
11.6,9,6,6,2,13.0,1,1,679.0
3.75,15,5,3,1,7.6,1,0,232.0
12.59,7,5,2,0,4.0,1,0,177.0
15.56,18,4,7,1,19.3,0,1,783.0
16.12,7,3,4,2,14.9,0,0,418.0
3.11,19,0,8,1,17.5,0,1,816.0
5.19,8,0,5,0,7.3,0,1,790.0
4.61,8,2,7,1,15.5,0,1,829.0
6.0,6,4,6,1,12.3,0,0,456.0
10.28,17,0,8,0,14.0,0,1,812.0
8.48,8,6,7,3,29.0,1,1,869.0
8.48,8,6,6,0,9.7,1,1,550.0
2.43,8,0,6,0,7.7,0,1,868.0
5.04,9,0,6,2,17.8,0,1,800.0
16.89,21,5,4,3,22.3,1,0,318.0
15.52,13,1,5,1,11.6,0,0,395.0
7.19,9,1,7,0,10.2,0,1,741.0
12.61,8,1,10,5,26.9,0,1,882.0
9.66,5,4,5,0,7.2,0,0,469.0
13.52,10,0,7,0,11.8,0,1,780.0
12.97,7,1,4,1,13.8,0,0,304.0
7.61,5,2,1,0,3.3,0,0,384.0
11.08,7,4,6,1,11.6,0,0,489.0
10.1,9,6,7,4,24.0,1,1,699.0
7.75,18,1,7,0,9.9,0,1,802.0
6.62,6,1,3,0,3.8,0,0,423.0
21.34,17,3,7,0,12.8,0,1,642.0
7.76,16,2,4,1,10.0,0,0,448.0
12.11,19,4,6,2,20.2,0,1,772.0
20.33,8,1,6,4,18.1,0,1,829.0
11.07,18,4,8,1,16.7,0,1,772.0
10.74,19,6,8,5,22.3,1,1,875.0
7.79,22,4,2,0,2.3,0,0,343.0
10.22,18,5,6,0,8.7,1,1,631.0
6.22,7,0,4,0,10.3,0,0,382.0
34.24,21,6,4,2,17.1,1,0,310.0
2.48,18,4,7,0,10.4,0,1,773.0
6.92,8,4,8,0,11.2,0,1,880.0
11.19,8,1,5,0,11.2,0,1,756.0
10.75,20,3,7,0,14.4,0,1,708.0
6.21,8,4,7,1,11.8,0,1,819.0
1.72,18,4,10,3,22.1,0,1,953.0
2.86,11,0,4,0,10.4,0,0,355.0
8.89,17,0,7,1,24.8,0,1,845.0
1.25,7,3,3,0,5.5,0,0,447.0
11.71,17,5,8,0,14.1,1,1,781.0
16.36,13,2,3,0,10.1,0,0,426.0
13.09,20,4,8,1,18.4,0,1,968.0
14.79,8,6,6,1,15.7,1,1,683.0
1.3,7,6,3,1,5.6,1,0,372.0
6.39,8,4,9,2,23.2,0,1,864.0
3.51,6,5,2,0,14.3,1,0,436.0
2.02,22,0,4,2,10.2,0,0,418.0
5.45,7,0,3,1,10.2,0,0,534.0
20.01,8,4,5,0,13.9,0,1,814.0
23.5,18,5,6,0,17.5,1,1,588.0
3.9,8,1,6,0,8.3,0,1,848.0
8.15,8,4,6,0,10.6,0,1,801.0
10.12,17,2,5,0,14.9,0,1,734.0
6.43,11,0,4,0,8.3,0,0,410.0
17.11,19,2,9,3,21.8,0,1,878.0
5.51,16,3,5,3,13.8,0,0,520.0
4.83,9,5,5,1,14.0,1,1,794.0
4.07,16,6,3,2,9.0,1,0,385.0
6.39,19,6,7,5,21.5,1,1,766.0
0.5,10,0,7,0,10.9,0,1,871.0
6.62,18,6,5,1,10.9,1,1,582.0
8.5,11,3,5,1,10.6,0,0,424.0
8.88,14,1,7,4,20.8,0,0,537.0
3.33,18,4,7,2,15.1,0,1,894.0
8.76,6,0,4,0,5.8,0,0,506.0
8.63,12,3,5,2,11.0,0,0,475.0
8.77,7,5,1,0,2.6,1,0,225.0
13.25,17,6,5,0,10.7,1,1,601.0
3.22,16,2,4,1,6.6,0,0,491.0
6.48,9,1,9,1,20.3,0,1,866.0
1.61,6,4,2,0,8.1,0,0,373.0
12.46,20,1,9,0,17.3,0,1,885.0
3.66,9,6,6,2,12.6,1,1,807.0
14.59,9,2,7,0,13.2,0,1,712.0
14.93,7,1,6,3,18.0,0,0,397.0
6.96,15,1,6,0,9.7,0,0,450.0
6.69,9,2,7,1,12.6,0,1,749.0
2.29,19,5,6,0,13.0,1,1,640.0
7.96,17,6,6,4,19.9,1,1,705.0
13.18,0,5,3,3,16.8,1,0,410.0
9.53,15,4,2,0,3.8,0,0,394.0
18.42,8,1,7,1,18.7,0,1,931.0
5.94,4,6,4,2,9.2,1,0,322.0
5.93,16,6,2,0,3.1,1,0,358.0
3.87,8,4,9,1,16.9,0,1,909.0
26.24,20,5,10,3,24.9,1,1,725.0
2.27,15,2,3,1,9.0,0,0,426.0
12.57,8,3,8,4,21.8,0,1,845.0
13.36,22,5,4,0,8.9,1,0,314.0
12.99,14,2,6,3,17.2,0,0,552.0
4.14,8,5,8,5,21.1,1,1,817.0
6.95,14,6,3,0,9.4,1,0,362.0
11.4,21,6,3,0,6.0,1,0,357.0
4.9,11,2,3,1,11.5,0,0,520.0
6.26,11,3,3,3,11.2,0,0,381.0
4.97,12,2,3,0,4.4,0,0,392.0
8.35,9,3,6,0,16.0,0,1,831.0
7.97,8,5,7,2,13.9,1,1,675.0
20.52,15,2,4,0,12.8,0,0,289.0
11.57,19,1,5,1,10.4,0,1,752.0
2.77,18,1,4,1,6.6,0,1,739.0
2.97,7,5,5,5,16.7,1,0,446.0
12.71,11,6,2,0,4.0,1,0,223.0
7.91,0,0,5,4,16.1,0,0,638.0
25.27,9,6,6,1,15.2,1,1,606.0
25.23,17,0,8,3,20.6,0,1,839.0
3.85,9,3,5,0,7.0,0,1,795.0
9.63,19,0,8,1,20.1,0,1,744.0
3.0,13,6,3,3,9.2,1,0,458.0
12.57,17,5,7,2,14.4,1,1,758.0
22.39,19,2,8,0,14.8,0,1,767.0
8.73,17,4,7,0,13.8,0,1,862.0
5.78,19,5,6,0,11.5,1,1,694.0
10.3,18,1,7,0,10.7,0,1,835.0
14.3,15,4,6,2,20.8,0,0,371.0
14.36,9,2,10,4,24.1,0,1,963.0
5.83,9,5,7,1,12.3,1,1,742.0
4.81,19,3,5,0,18.2,0,1,805.0
9.28,6,5,2,0,2.6,1,0,212.0
6.12,21,4,1,0,2.2,0,0,334.0
17.11,9,4,9,0,17.5,0,1,793.0
6.07,18,0,7,3,18.7,0,1,798.0
8.29,9,5,5,0,7.1,1,1,675.0
10.13,21,1,2,0,2.8,0,0,443.0
2.34,6,2,4,2,9.4,0,0,382.0
5.13,10,3,6,0,11.7,0,1,819.0
24.58,19,5,8,0,17.4,1,1,640.0
13.91,9,4,8,1,15.9,0,1,781.0
6.01,9,1,6,0,8.7,0,1,782.0
12.61,20,2,5,1,11.8,0,1,758.0
16.93,18,1,5,0,11.4,0,1,729.0
6.72,7,4,3,1,5.7,0,0,337.0
13.48,15,5,1,0,2.9,1,0,291.0
12.25,8,4,7,0,18.0,0,1,800.0
3.05,8,5,5,1,17.9,1,1,760.0
6.75,16,4,3,0,6.7,0,0,467.0
20.87,7,6,2,0,4.5,1,0,100.0
24.14,12,6,3,0,12.3,1,0,280.0
13.98,9,1,5,0,10.2,0,1,718.0
4.99,19,2,6,0,13.6,0,1,857.0
0.92,15,0,6,5,25.6,0,0,553.0
4.48,8,1,6,0,8.2,0,1,839.0
2.7,20,3,7,1,16.9,0,1,785.0
21.85,18,4,5,0,9.9,0,1,716.0
1.57,9,6,3,0,10.4,1,1,675.0
3.12,21,4,4,2,8.9,0,0,453.0
9.14,9,6,7,2,15.9,1,1,679.0
7.87,9,3,9,5,24.0,0,1,916.0
20.22,10,6,8,0,13.1,1,1,728.0
11.76,8,5,4,0,10.0,1,1,718.0
7.11,17,3,7,2,13.7,0,1,950.0
17.31,15,6,3,0,6.0,1,0,286.0
5.88,19,6,6,0,9.4,1,1,705.0
21.26,8,2,7,0,17.4,0,1,779.0
4.01,8,1,5,0,10.7,0,1,890.0
7.67,10,0,9,3,20.4,0,1,932.0
1.09,7,6,3,3,12.9,1,0,395.0
14.46,21,3,4,1,9.2,0,0,382.0
8.79,17,3,7,0,11.6,0,1,782.0
21.3,18,1,8,2,19.4,0,1,828.0
6.57,18,2,7,1,12.3,0,1,772.0
2.31,8,2,7,2,16.3,0,1,825.0
10.77,7,4,3,1,9.1,0,0,393.0
5.24,12,1,4,4,16.1,0,0,476.0
13.13,18,5,5,0,17.1,1,1,698.0
4.08,9,2,7,1,12.0,0,1,868.0
18.93,1,1,3,2,14.0,0,0,405.0
8.29,17,0,9,3,19.5,0,1,925.0
7.13,8,0,8,4,19.2,0,1,903.0
18.13,14,1,3,0,5.9,0,0,113.0
14.6,3,5,5,1,12.3,1,0,283.0
4.54,13,5,2,0,9.0,1,0,345.0
14.32,11,6,1,1,9.5,1,0,206.0
12.45,19,2,9,0,17.7,0,1,880.0
7.42,17,4,8,0,16.1,0,1,884.0
13.58,6,1,4,4,16.0,0,0,449.0
18.88,18,0,8,2,18.5,0,1,777.0
7.58,18,3,6,0,8.3,0,1,769.0
7.6,17,4,5,0,7.0,0,1,744.0
7.3,20,5,6,0,10.0,1,1,723.0
4.4,18,0,7,0,14.1,0,1,678.0
7.52,8,5,6,0,8.9,1,1,637.0
6.93,10,2,8,3,26.7,0,1,844.0
6.64,10,1,8,0,15.0,0,1,678.0
6.57,13,0,2,0,10.2,0,0,357.0
3.11,21,1,6,2,16.0,0,0,430.0
15.55,16,3,3,0,6.3,0,0,330.0
5.12,9,1,6,0,12.1,0,1,762.0
19.56,21,2,3,0,7.5,0,0,366.0
3.71,17,3,6,0,7.6,0,1,769.0
22.41,9,0,8,1,17.2,0,1,677.0
6.1,20,6,6,2,13.2,1,1,749.0
14.44,10,2,7,0,14.1,0,1,919.0
8.73,14,5,2,2,7.3,1,0,371.0
2.75,13,4,5,3,12.9,0,0,549.0
2.88,20,5,5,2,11.2,1,1,707.0
4.79,9,2,9,4,20.7,0,1,899.0
5.84,9,1,9,4,22.0,0,1,894.0
7.75,17,1,8,3,19.6,0,1,894.0
10.06,19,1,6,0,11.6,0,1,699.0
7.04,7,3,4,0,16.6,0,0,453.0
9.7,8,4,7,2,14.5,0,1,784.0
10.8,21,5,4,3,11.9,1,0,258.0
6.82,18,6,6,2,12.2,1,1,681.0
12.31,10,5,9,1,17.4,1,1,828.0
14.16,10,2,6,2,20.6,0,1,812.0
10.99,12,3,2,2,9.6,0,0,180.0
11.41,17,6,5,1,14.3,1,1,635.0
9.12,15,4,2,0,2.6,0,0,407.0
16.43,18,2,6,0,10.9,0,1,719.0
7.88,6,5,1,0,2.9,1,0,283.0
4.86,18,0,5,0,12.0,0,1,750.0
8.05,6,4,3,1,7.2,0,0,414.0
2.79,19,6,6,0,11.4,1,1,712.0
2.5,6,3,4,3,14.2,0,0,457.0
14.21,7,4,5,0,8.2,0,0,435.0
19.76,8,0,8,1,22.0,0,1,897.0
6.24,8,4,8,0,16.5,0,1,858.0
14.3,11,2,5,3,19.5,0,0,482.0
1.38,17,6,7,0,9.0,1,1,676.0
11.01,19,2,8,1,16.0,0,1,883.0
7.9,14,2,3,1,6.7,0,0,372.0
21.82,14,2,5,1,12.2,0,0,426.0
7.13,9,4,7,1,18.5,0,1,879.0
3.48,18,6,6,2,15.9,1,1,807.0
2.2,7,2,4,2,9.2,0,0,528.0
8.04,9,1,7,0,10.7,0,1,850.0
9.1,7,5,2,4,16.3,1,0,285.0
6.82,8,3,6,0,17.9,0,1,749.0
14.5,15,3,4,0,8.6,0,0,300.0
18.42,7,6,3,0,5.6,1,0,162.0
6.19,7,3,2,0,10.4,0,0,481.0
1.65,18,4,4,0,4.8,0,1,690.0
9.74,7,6,5,3,15.8,1,0,328.0
16.65,16,1,4,1,12.1,0,0,394.0
6.21,10,6,9,4,21.5,1,1,790.0
11.41,19,6,6,0,15.4,1,1,819.0
3.27,17,3,6,1,9.9,0,1,791.0
9.58,6,2,1,0,2.6,0,0,359.0
11.55,19,1,6,0,12.9,0,1,718.0
9.76,11,0,3,0,5.2,0,0,276.0
25.46,9,6,7,1,16.9,1,1,612.0
19.61,17,3,7,2,15.6,0,1,739.0
12.8,17,4,7,0,11.6,0,1,730.0
15.65,9,1,7,0,12.6,0,1,667.0
9.53,10,2,8,0,16.6,0,1,829.0
7.66,8,5,5,0,8.9,1,1,642.0
5.73,15,4,4,1,9.9,0,0,347.0
3.21,21,1,4,1,9.5,0,0,456.0
20.18,11,0,6,2,14.1,0,0,483.0
26.08,23,5,4,5,20.3,1,0,417.0
8.18,8,0,3,0,7.6,0,1,565.0
8.28,18,0,8,3,21.3,0,1,839.0
11.87,20,2,7,2,17.2,0,1,740.0
7.16,17,6,4,0,7.0,1,1,602.0
3.57,7,4,3,3,9.6,0,0,542.0
2.72,9,0,6,0,10.3,0,1,753.0
25.51,7,6,4,2,14.5,1,0,260.0
1.89,16,6,3,2,7.8,1,0,307.0
10.01,23,4,2,3,16.8,0,0,531.0
2.13,10,0,5,2,18.1,0,1,695.0
7.41,8,0,9,2,18.8,0,1,850.0
6.17,9,6,5,0,7.8,1,1,614.0
2.46,15,5,4,5,16.9,1,0,338.0
12.15,15,5,1,1,11.5,1,0,338.0
3.36,8,3,7,2,13.5,0,1,741.0
2.18,18,4,7,3,16.2,0,1,849.0
13.04,7,1,3,0,5.7,0,0,358.0
6.19,16,0,2,0,4.9,0,0,328.0
4.45,11,1,4,3,11.2,0,0,374.0
13.57,7,4,8,4,28.7,0,0,565.0
3.22,16,2,4,2,10.3,0,0,421.0
1.7,17,4,7,0,9.5,0,1,865.0
17.64,12,3,4,0,7.3,0,0,395.0
23.3,18,3,7,1,14.6,0,1,866.0
7.27,13,6,1,0,6.8,1,0,272.0
0.5,9,4,9,3,21.0,0,1,970.0
7.2,21,6,3,1,10.8,1,0,306.0
14.08,21,6,2,0,3.2,1,0,345.0
16.52,7,4,3,0,8.7,0,0,356.0
3.53,21,6,5,4,21.1,1,0,447.0
6.41,18,1,4,1,9.3,0,1,787.0
9.49,7,3,4,0,8.7,0,0,367.0
13.55,14,0,5,1,11.9,0,0,399.0
12.62,6,0,3,0,4.8,0,0,394.0
11.31,15,0,4,0,7.1,0,0,436.0
16.49,20,0,8,2,18.7,0,1,860.0
7.65,10,2,5,0,7.2,0,1,742.0
20.3,13,5,4,0,10.3,1,0,288.0
5.25,8,6,5,0,11.9,1,1,740.0
12.75,14,6,2,0,4.0,1,0,185.0
5.84,18,1,7,1,16.0,0,1,832.0
7.35,8,3,8,1,14.2,0,1,663.0
8.19,15,3,6,0,8.6,0,0,491.0
5.6,10,0,7,0,17.1,0,1,775.0
16.96,18,0,9,2,19.4,0,1,797.0
6.06,17,2,8,3,19.9,0,1,881.0
7.9,17,5,7,0,10.0,1,1,738.0
11.78,10,2,5,0,7.5,0,1,873.0
32.5,16,2,5,4,19.1,0,0,314.0
12.07,17,6,6,0,12.5,1,1,620.0
8.4,17,2,10,5,27.7,0,1,979.0
1.42,15,4,1,2,6.6,0,0,366.0
7.21,19,6,5,0,8.0,1,1,712.0
4.87,8,0,6,0,9.6,0,1,775.0
6.35,6,3,6,5,19.1,0,0,610.0
5.75,21,2,4,0,10.1,0,0,412.0
11.7,6,0,2,1,6.1,0,0,398.0
7.1,20,0,5,0,6.9,0,1,691.0
4.01,16,4,3,1,7.8,0,0,540.0
14.46,20,4,9,3,20.2,0,1,768.0
2.94,15,3,4,1,6.7,0,0,400.0
8.13,18,4,6,0,8.5,0,1,682.0
7.25,17,5,6,1,12.0,1,1,753.0
10.21,14,0,3,1,8.8,0,0,431.0
16.6,10,0,9,0,14.2,0,1,727.0
35.6,0,2,6,2,18.2,0,0,440.0
8.39,8,3,8,1,13.7,0,1,789.0
4.81,21,6,3,0,5.4,1,0,332.0
4.46,9,6,8,4,25.7,1,1,874.0
4.44,18,5,5,0,8.3,1,1,660.0
9.96,13,2,3,0,8.6,0,0,440.0
1.11,9,4,8,0,12.7,0,1,838.0
2.79,23,0,3,0,9.5,0,0,440.0
9.97,6,3,3,0,7.7,0,0,366.0
14.93,15,0,6,0,12.1,0,0,315.0
14.99,12,6,2,2,9.2,1,0,277.0
8.67,6,3,2,1,6.0,0,0,327.0
13.7,8,5,7,0,18.0,1,1,782.0
16.79,17,0,7,2,18.0,0,1,721.0
5.99,7,6,3,2,15.5,1,0,435.0
15.7,18,3,9,1,16.8,0,1,815.0
2.01,16,0,4,5,23.8,0,0,579.0
2.72,7,2,3,0,3.6,0,0,320.0
6.26,9,1,8,0,15.9,0,1,815.0
1.78,7,0,4,0,5.0,0,0,389.0
11.83,18,0,7,0,10.6,0,1,901.0
5.34,14,4,6,0,9.2,0,0,420.0
7.3,0,6,2,0,3.6,1,0,343.0
7.5,14,4,4,1,11.5,0,0,507.0
6.14,13,4,6,3,15.1,0,0,586.0
4.42,17,0,8,2,16.8,0,1,837.0
11.45,6,1,5,1,10.1,0,0,541.0
5.25,6,0,3,1,6.2,0,0,534.0
7.43,10,6,8,2,24.4,1,1,814.0
10.28,17,5,6,0,10.4,1,1,645.0
16.7,17,6,5,0,10.3,1,1,574.0
15.86,9,6,6,0,11.4,1,1,679.0
5.62,8,1,7,0,10.7,0,1,807.0
4.24,17,3,9,1,16.3,0,1,887.0
18.9,5,4,4,0,12.4,0,0,293.0
5.23,15,5,1,0,3.4,1,0,267.0
11.15,11,4,2,0,5.5,0,0,421.0
1.69,8,3,7,2,13.0,0,1,904.0
1.08,14,0,2,0,8.9,0,0,383.0
8.39,8,6,5,0,7.3,1,1,648.0
6.72,15,4,3,0,10.6,0,0,317.0
13.1,7,5,2,0,3.9,1,0,209.0
4.46,11,1,5,2,11.0,0,0,461.0
9.76,13,0,3,0,7.5,0,0,421.0
12.64,5,6,0,0,0.7,1,0,163.0
4.6,16,5,2,5,12.4,1,0,320.0
6.25,18,5,5,0,12.4,1,1,725.0
3.2,21,3,3,1,5.1,0,0,394.0
13.41,8,6,5,1,13.2,1,1,613.0
11.55,8,1,9,0,13.7,0,1,870.0
12.13,9,5,6,0,13.0,1,1,700.0
6.7,19,3,6,0,8.4,0,1,761.0
11.42,11,1,4,0,9.9,0,0,379.0
7.14,9,5,5,0,7.3,1,1,683.0
20.97,18,2,6,1,13.8,0,1,771.0
7.92,6,1,5,0,7.5,0,0,439.0
15.27,14,4,5,0,22.6,0,0,446.0
6.73,12,5,0,1,1.0,1,0,210.0
18.22,16,2,4,0,8.0,0,0,331.0
4.23,17,6,6,1,13.5,1,1,713.0
10.61,9,4,6,0,9.1,0,1,700.0
4.91,16,0,6,2,14.8,0,0,444.0
9.48,14,2,7,3,18.9,0,0,527.0
5.25,7,6,2,1,3.8,1,0,357.0
7.9,19,1,8,3,18.5,0,1,752.0
5.84,18,6,5,0,6.6,1,1,640.0
12.35,20,3,6,0,20.7,0,1,801.0
10.91,17,4,6,0,11.5,0,1,828.0
4.78,8,4,7,0,15.1,0,1,928.0
4.67,12,3,7,3,17.9,0,0,535.0
3.94,10,3,8,0,15.4,0,1,961.0
3.34,6,3,4,0,6.5,0,0,454.0
12.9,11,4,2,3,9.7,0,0,448.0
3.76,10,5,3,0,12.8,1,1,592.0
10.03,0,3,5,1,11.7,0,0,471.0
5.47,19,3,8,0,13.1,0,1,883.0
14.99,7,5,5,4,16.2,1,0,346.0
24.2,13,5,3,0,7.8,1,0,72.0
0.5,18,4,9,2,15.8,0,1,914.0
4.19,16,3,4,1,9.8,0,0,434.0
5.41,8,4,10,5,27.0,0,1,1000.0
6.87,16,3,4,5,17.2,0,0,480.0
6.56,18,3,8,2,23.7,0,1,841.0
2.69,19,1,8,0,13.4,0,1,772.0
24.51,9,3,8,0,16.2,0,1,714.0
6.74,6,3,6,3,14.3,0,0,673.0
10.88,16,0,4,1,9.0,0,0,319.0
11.11,8,6,7,3,38.1,1,1,732.0
2.17,18,4,9,2,15.9,0,1,895.0
6.09,17,0,6,0,10.6,0,1,901.0
12.9,18,1,6,0,11.6,0,1,799.0
18.96,21,3,3,0,8.3,0,0,437.0
6.19,15,6,2,1,7.0,1,0,280.0
2.55,20,3,5,0,10.7,0,1,697.0
5.06,16,5,3,0,6.7,1,0,284.0
5.99,8,0,7,2,13.4,0,1,830.0
5.83,18,3,7,0,9.5,0,1,799.0
3.94,17,5,3,0,3.1,1,1,613.0
2.31,22,5,3,0,12.1,1,0,375.0
3.18,8,1,8,1,12.7,0,1,809.0
5.1,9,4,7,0,9.6,0,1,746.0
12.76,18,0,8,2,19.9,0,1,772.0
16.05,6,0,6,3,19.1,0,0,497.0
8.52,16,6,4,1,10.6,1,0,346.0
3.25,14,5,4,4,12.9,1,0,478.0
5.32,8,1,7,0,11.2,0,1,898.0
1.13,8,6,7,0,16.2,1,1,677.0
19.19,18,6,7,0,12.4,1,1,658.0
4.7,4,0,3,2,7.3,0,0,420.0
10.27,18,0,8,0,11.9,0,1,711.0
15.33,17,1,9,4,23.2,0,1,857.0
22.61,17,5,7,1,15.2,1,1,758.0
13.69,11,4,5,2,15.4,0,0,415.0
5.8,5,3,4,0,7.7,0,0,371.0
11.22,18,2,10,2,23.8,0,1,896.0
22.09,7,3,4,0,15.0,0,0,422.0
4.67,9,4,9,1,21.5,0,1,871.0
2.21,21,0,4,2,11.0,0,0,481.0
3.97,9,4,8,0,10.9,0,1,692.0
10.72,9,1,8,3,25.5,0,1,919.0
5.91,22,5,2,2,8.7,1,0,337.0
7.38,7,1,6,2,12.6,0,0,544.0
11.95,8,0,6,0,10.8,0,1,645.0
3.9,12,3,2,0,3.6,0,0,361.0
7.12,18,3,5,0,7.4,0,1,808.0
5.25,19,3,8,1,16.2,0,1,820.0
21.53,18,6,8,0,13.6,1,1,671.0
13.41,22,4,6,5,20.0,0,0,503.0
5.94,4,2,4,4,22.4,0,0,495.0
5.7,16,5,2,0,6.8,1,0,361.0
23.08,7,3,5,2,18.5,0,0,334.0
21.9,20,1,6,0,17.8,0,1,730.0
10.67,20,0,6,0,9.5,0,1,774.0
7.63,9,0,7,0,10.6,0,1,850.0
2.73,18,1,7,3,15.2,0,1,864.0
4.0,16,5,4,3,15.9,1,0,462.0
2.55,7,3,1,0,5.7,0,0,370.0
15.72,16,3,6,0,9.4,0,0,423.0
2.77,22,2,3,0,11.1,0,0,430.0
5.64,9,1,8,1,13.9,0,1,884.0
1.38,0,5,2,0,17.9,1,0,376.0
2.0,22,0,5,3,12.3,0,0,443.0
12.32,11,4,4,4,22.6,0,0,503.0
9.58,12,6,1,0,3.0,1,0,276.0
7.83,17,6,6,3,17.4,1,1,835.0
5.72,16,2,4,1,7.7,0,0,373.0
1.76,9,5,7,1,15.9,1,1,792.0
5.15,7,1,5,2,15.3,0,0,470.0
6.81,18,1,6,0,27.8,0,1,842.0
11.77,13,2,4,1,14.8,0,0,363.0
15.16,17,0,7,0,12.2,0,1,764.0
12.58,19,1,7,2,14.9,0,1,831.0
9.54,4,5,2,0,3.9,1,0,207.0
7.74,19,5,6,0,12.7,1,1,778.0
8.9,18,2,6,0,10.0,0,1,675.0
4.89,21,2,3,0,5.9,0,0,432.0
8.22,8,2,8,0,12.6,0,1,669.0
6.78,9,0,7,0,14.2,0,1,793.0
29.02,17,1,10,3,25.2,0,1,866.0
9.06,20,6,7,1,13.2,1,1,762.0
1.03,23,4,2,0,6.1,0,0,393.0
5.49,11,4,5,3,16.1,0,0,491.0
6.25,14,1,4,2,9.0,0,0,483.0
13.71,8,5,4,0,6.1,1,1,666.0
9.87,17,1,6,1,11.3,0,1,864.0
9.53,19,6,5,0,8.1,1,1,574.0
17.86,18,3,7,1,16.3,0,1,766.0
21.97,10,2,8,2,21.4,0,1,676.0
12.31,21,5,2,0,4.8,1,0,173.0
5.81,7,2,6,1,13.4,0,0,444.0
5.95,13,1,1,0,6.0,0,0,411.0
16.41,15,4,6,1,11.7,0,0,404.0
5.93,14,5,2,0,16.3,1,0,301.0
7.37,18,4,7,2,14.2,0,1,851.0
5.4,16,3,1,1,5.3,0,0,333.0
3.2,6,2,4,0,7.4,0,0,310.0
27.61,8,2,7,2,20.6,0,1,717.0
7.41,14,6,3,0,7.8,1,0,297.0
19.51,17,2,10,1,21.6,0,1,869.0
6.0,13,6,1,1,4.9,1,0,267.0
4.7,10,1,8,0,11.5,0,1,854.0
11.62,6,1,4,0,12.7,0,0,463.0
15.12,18,2,5,0,10.1,0,1,789.0
15.76,13,0,3,2,15.0,0,0,416.0
6.75,14,6,3,2,8.3,1,0,268.0
12.44,12,2,4,0,8.9,0,0,318.0
5.11,9,0,5,0,8.7,0,1,694.0
8.15,9,4,8,3,21.5,0,1,819.0
6.27,6,6,3,0,4.6,1,0,306.0
5.58,17,6,6,0,11.7,1,1,811.0
8.39,9,0,7,1,16.8,0,1,835.0
3.13,9,5,6,0,9.1,1,1,696.0
14.32,23,2,7,4,18.7,0,0,581.0
5.6,10,5,6,0,8.4,1,1,638.0
13.88,13,4,6,3,17.2,0,0,552.0
3.72,10,5,5,0,6.5,1,1,731.0
5.59,9,5,5,0,12.3,1,1,685.0
3.12,0,6,2,0,1.9,1,0,413.0
3.02,19,1,8,5,20.5,0,1,999.0
4.13,12,5,4,1,7.9,1,0,354.0
3.77,17,0,5,0,8.0,0,1,758.0
3.15,21,6,3,4,12.4,1,0,367.0
7.76,0,4,3,0,6.1,0,0,380.0
11.47,17,1,7,0,29.9,0,1,828.0
11.87,7,2,4,0,15.6,0,0,396.0
1.63,12,6,4,2,10.2,1,0,370.0
6.25,19,4,7,0,19.6,0,1,755.0
5.79,6,1,2,0,4.5,0,0,339.0
18.07,23,5,4,4,20.5,1,0,272.0
6.43,15,5,2,1,4.1,1,0,318.0
7.3,11,0,4,0,6.6,0,0,414.0
2.26,5,1,2,1,15.6,0,0,429.0
4.05,15,5,2,0,4.8,1,0,345.0
2.13,13,2,5,0,5.9,0,0,396.0
8.12,8,0,7,0,11.7,0,1,752.0
18.44,13,4,3,1,7.9,0,0,270.0
4.16,2,6,2,2,7.1,1,0,388.0
6.46,23,3,1,0,2.6,0,0,383.0
3.78,9,6,5,0,6.7,1,1,753.0
4.8,13,0,5,0,6.7,0,0,533.0
8.24,18,4,6,2,13.5,0,1,784.0
24.06,17,4,7,2,18.2,0,1,728.0
17.86,19,6,6,2,15.6,1,1,575.0
21.25,21,3,7,5,25.6,0,0,461.0
13.96,8,5,8,2,24.7,1,1,744.0
6.4,11,1,6,4,17.2,0,0,413.0
5.77,17,0,6,1,10.2,0,1,732.0
4.18,6,5,2,0,3.3,1,0,282.0
0.57,17,0,9,1,21.2,0,1,961.0
6.33,0,6,2,0,3.2,1,0,234.0
18.6,20,0,7,0,14.9,0,1,765.0
18.47,17,4,7,0,11.6,0,1,860.0
29.73,15,3,3,0,8.7,0,0,188.0
8.67,12,4,5,2,11.7,0,0,529.0
2.73,22,4,4,0,7.1,0,0,454.0
10.97,18,3,5,0,7.3,0,1,809.0
24.23,18,3,7,3,18.4,0,1,842.0
20.17,18,3,7,1,14.8,0,1,724.0
5.28,5,4,4,0,8.1,0,0,423.0
2.96,6,4,2,0,5.1,0,0,300.0
2.89,8,3,7,0,11.7,0,1,787.0
4.4,17,2,8,3,21.9,0,1,904.0
4.94,16,0,3,0,5.7,0,0,417.0
6.05,9,5,8,4,25.5,1,1,877.0
11.95,22,1,4,0,9.2,0,0,491.0
5.9,7,3,4,2,9.1,0,0,425.0
7.89,18,6,6,0,10.7,1,1,753.0
1.99,13,5,2,0,1.7,1,0,308.0
4.19,11,2,3,0,7.0,0,0,328.0
4.03,5,3,3,0,3.1,0,0,386.0
1.68,17,2,10,5,24.2,0,1,992.0
5.79,18,4,7,2,18.1,0,1,802.0
2.0,9,1,8,0,12.1,0,1,779.0
5.48,14,6,2,2,13.1,1,0,274.0
8.33,16,6,3,0,5.2,1,0,260.0
18.81,10,2,10,4,24.2,0,1,842.0
3.87,16,1,3,0,6.5,0,0,480.0
8.17,12,3,3,0,4.4,0,0,233.0
4.64,19,4,6,0,7.8,0,1,787.0
1.9,17,4,6,0,12.8,0,1,840.0
18.94,7,0,6,4,19.0,0,0,428.0
8.6,18,4,7,0,10.4,0,1,775.0
10.59,10,0,6,0,8.6,0,1,736.0
20.93,20,2,10,2,26.6,0,1,859.0
5.46,16,5,2,0,2.1,1,0,318.0
2.61,5,6,1,0,0.5,1,0,302.0
3.82,18,4,8,1,20.2,0,1,835.0
2.4,7,1,4,0,5.7,0,0,338.0
15.68,19,4,10,3,22.6,0,1,899.0
24.82,21,0,7,1,14.2,0,0,382.0
8.26,17,1,7,0,13.8,0,1,769.0
12.18,14,0,3,0,7.5,0,0,385.0
14.35,16,6,0,0,12.3,1,0,206.0
21.82,12,2,4,1,12.8,0,0,395.0
24.17,7,3,5,1,18.8,0,0,552.0
1.31,20,5,5,2,12.9,1,1,772.0
4.75,9,6,3,0,4.2,1,1,706.0
7.61,9,6,6,2,19.6,1,1,771.0
4.3,8,1,7,0,19.8,0,1,841.0
6.17,23,2,5,4,16.4,0,0,549.0
10.13,21,2,4,0,9.7,0,0,434.0
9.94,10,5,7,3,22.0,1,1,821.0
14.05,9,2,8,0,13.8,0,1,796.0
7.74,18,1,9,0,14.2,0,1,761.0
0.65,11,5,5,0,6.9,1,0,280.0
5.79,21,3,5,3,18.4,0,0,539.0
9.46,20,5,6,3,26.1,1,1,698.0
14.71,18,2,8,2,17.8,0,1,870.0
13.35,7,3,5,0,16.4,0,0,509.0
7.0,17,0,6,1,10.1,0,1,778.0
4.51,22,0,5,0,11.0,0,0,525.0
7.24,10,0,7,1,22.0,0,1,859.0
1.53,19,1,7,0,10.8,0,1,823.0
4.86,11,2,3,2,9.7,0,0,444.0
16.5,22,0,3,2,12.9,0,0,347.0
7.22,17,1,6,0,9.7,0,1,717.0
9.74,7,5,4,1,11.0,1,0,237.0
2.3,13,5,1,0,2.2,1,0,230.0
14.64,6,2,6,0,9.3,0,0,548.0
6.74,11,6,1,0,1.6,1,0,163.0
9.51,20,0,6,0,9.2,0,1,692.0
10.97,8,0,7,0,15.6,0,1,745.0
14.29,21,2,5,1,12.2,0,0,381.0
8.53,7,1,5,2,10.9,0,0,478.0
6.86,17,0,7,0,11.4,0,1,763.0
2.8,21,5,6,5,17.5,1,0,466.0
2.11,17,6,6,3,14.0,1,1,712.0
8.41,20,1,6,0,11.2,0,1,745.0
9.56,23,2,2,0,5.1,0,0,355.0
10.66,16,5,5,3,16.1,1,0,384.0
3.89,18,6,5,0,9.4,1,1,800.0
4.89,5,2,3,0,9.7,0,0,409.0
8.3,11,4,6,4,20.5,0,0,526.0
5.38,9,0,10,2,18.3,0,1,759.0
31.27,18,3,9,3,27.1,0,1,829.0
4.81,17,6,6,3,14.6,1,1,634.0
10.01,16,3,3,0,5.7,0,0,409.0
13.08,20,4,7,1,13.5,0,1,800.0
13.62,7,4,4,2,14.9,0,0,481.0
5.31,21,4,3,0,6.2,0,0,361.0
11.01,7,4,5,0,8.3,0,0,417.0
10.1,10,6,5,0,7.1,1,1,686.0
11.33,16,0,6,2,15.9,0,0,427.0
8.23,10,6,6,1,10.8,1,1,734.0
13.15,17,6,7,3,20.3,1,1,784.0
8.93,18,6,7,0,17.7,1,1,711.0
2.5,18,2,7,1,16.1,0,1,942.0
8.74,8,4,6,0,10.6,0,1,801.0
9.47,8,2,9,4,21.6,0,1,810.0
12.54,6,5,4,1,9.2,1,0,376.0
8.42,13,2,5,2,16.6,0,0,440.0
22.15,7,2,5,0,10.9,0,0,421.0
7.03,9,4,6,0,8.7,0,1,790.0
5.1,19,0,8,0,11.5,0,1,667.0
17.89,21,2,5,2,14.3,0,0,467.0
6.89,18,1,8,0,14.4,0,1,813.0
7.88,0,2,5,2,11.0,0,0,438.0
9.47,15,3,2,0,5.7,0,0,335.0
8.93,8,0,7,1,15.2,0,1,863.0
11.27,10,6,7,0,11.3,1,1,634.0
12.06,11,2,5,0,10.2,0,0,483.0
4.75,21,2,5,1,9.5,0,0,370.0
3.01,16,1,3,0,3.8,0,0,420.0
3.32,9,6,7,0,11.1,1,1,771.0
16.64,16,5,2,1,5.7,1,0,297.0
6.48,21,3,2,0,2.8,0,0,376.0
13.01,6,2,4,1,15.0,0,0,410.0
12.28,18,3,9,1,22.6,0,1,826.0
7.88,8,6,4,0,5.3,1,1,559.0
3.84,7,1,2,0,1.8,0,0,333.0
12.47,20,4,5,0,7.4,0,1,668.0
7.69,0,6,3,0,3.7,1,0,223.0
2.84,18,5,3,0,7.8,1,1,753.0
5.42,7,6,3,1,7.6,1,0,223.0
1.95,16,6,1,0,1.5,1,0,341.0
5.62,16,0,4,3,15.1,0,0,410.0
8.17,19,1,6,2,16.3,0,1,757.0
7.11,18,1,7,0,12.3,0,1,739.0
6.51,17,3,6,1,18.1,0,1,750.0
8.11,10,2,7,0,11.6,0,1,850.0
10.82,8,0,7,0,12.7,0,1,821.0
13.69,16,3,7,5,23.9,0,0,542.0
14.91,13,0,5,0,10.0,0,0,565.0
4.34,6,2,3,0,6.1,0,0,402.0
15.86,21,2,4,3,13.3,0,0,436.0
7.7,9,6,7,3,19.4,1,1,730.0
5.99,0,4,4,1,7.0,0,0,382.0
3.41,20,4,7,2,15.4,0,1,823.0
0.59,15,5,2,2,5.4,1,0,389.0
10.32,17,1,10,2,18.6,0,1,922.0
10.05,7,1,2,0,2.8,0,0,427.0
5.05,11,5,4,3,12.3,1,0,345.0
5.16,17,5,7,1,21.5,1,1,797.0
6.93,8,0,6,0,14.5,0,1,809.0
5.92,17,1,6,0,8.9,0,1,804.0
4.18,8,1,6,0,26.8,0,1,788.0
3.1,8,0,6,0,8.2,0,1,726.0
15.98,2,4,5,0,9.2,0,0,428.0
5.4,9,0,6,0,9.8,0,1,835.0
10.01,8,5,10,4,23.0,1,1,803.0
11.36,18,4,6,0,9.8,0,1,793.0
10.35,15,5,4,0,8.5,1,0,383.0
11.78,8,3,9,3,19.8,0,1,859.0
10.27,15,6,2,0,3.2,1,0,173.0
4.68,8,1,9,2,20.6,0,1,822.0
6.17,11,3,2,1,7.1,0,0,353.0
15.7,19,0,8,1,15.7,0,1,778.0
5.28,17,5,4,0,5.9,1,1,644.0
7.7,17,3,6,0,11.4,0,1,777.0
10.85,9,1,7,1,18.0,0,1,799.0
19.44,7,5,2,0,8.4,1,0,274.0
14.81,18,6,4,0,9.7,1,1,569.0
3.71,15,0,4,0,6.9,0,0,502.0
9.8,16,5,3,1,8.5,1,0,366.0
9.04,22,5,2,1,6.6,1,0,341.0
6.21,10,2,8,2,21.2,0,1,838.0
7.86,18,4,8,2,17.1,0,1,851.0
4.65,15,5,2,0,3.1,1,0,328.0
6.84,8,3,10,3,26.0,0,1,927.0
5.32,6,4,5,2,17.8,0,0,456.0
8.28,16,0,6,0,8.7,0,0,402.0
6.04,9,6,5,0,16.9,1,1,652.0
20.38,17,6,6,0,17.5,1,1,579.0
8.47,17,1,7,3,18.9,0,1,1000.0
7.38,12,3,3,0,5.2,0,0,269.0
6.58,14,1,3,0,4.9,0,0,330.0
6.05,16,2,8,3,21.7,0,0,610.0
2.84,12,1,3,1,8.3,0,0,389.0
12.99,19,6,5,0,8.8,1,1,617.0
17.91,6,4,3,1,8.1,0,0,385.0
5.26,22,5,3,2,12.0,1,0,416.0
15.65,5,5,1,0,2.8,1,0,200.0
31.07,8,5,8,1,20.0,1,1,714.0
24.27,17,1,6,1,14.9,0,1,626.0
17.41,7,5,3,1,12.8,1,0,252.0
3.16,9,5,5,5,21.7,1,1,821.0
3.12,7,0,3,1,5.9,0,0,540.0
11.74,17,0,7,1,16.2,0,1,748.0
7.76,15,5,2,2,7.1,1,0,242.0
1.22,6,2,3,0,3.1,0,0,428.0
5.72,12,2,4,0,9.4,0,0,428.0
11.4,8,2,10,5,27.5,0,1,908.0
6.91,21,6,3,2,7.8,1,0,261.0
7.78,7,2,2,0,2.8,0,0,329.0
3.12,16,2,3,0,3.4,0,0,431.0
5.66,13,2,3,0,4.4,0,0,372.0
11.77,15,0,5,0,10.6,0,0,489.0
5.46,21,0,4,0,8.4,0,0,414.0
16.46,10,2,6,1,13.8,0,1,795.0
7.91,18,0,8,0,13.5,0,1,836.0
10.29,12,5,4,1,14.9,1,0,320.0
11.6,17,2,10,4,27.7,0,1,987.0
11.29,10,3,8,5,25.8,0,1,838.0
3.63,8,2,8,3,29.7,0,1,896.0
4.16,7,5,1,0,6.2,1,0,253.0
1.2,7,2,3,1,6.7,0,0,456.0
6.15,21,0,4,1,8.8,0,0,473.0
3.92,18,3,6,0,12.0,0,1,747.0
5.34,8,1,8,3,27.3,0,1,857.0
6.62,14,4,4,1,7.7,0,0,434.0
8.63,17,3,7,1,13.8,0,1,720.0
6.98,10,3,8,0,11.1,0,1,876.0
6.89,12,2,3,0,5.9,0,0,377.0
9.75,17,4,8,3,18.8,0,1,798.0
7.55,8,4,5,0,7.3,0,1,677.0
13.61,14,6,3,0,4.8,1,0,286.0
7.56,8,6,5,1,13.9,1,1,709.0
19.51,0,0,6,2,16.2,0,0,401.0
3.51,17,4,5,0,10.9,0,1,770.0
6.07,17,0,7,0,10.1,0,1,731.0
4.71,23,2,2,2,6.4,0,0,397.0
8.86,8,5,8,4,19.4,1,1,887.0
3.51,18,3,6,0,8.6,0,1,916.0
2.32,21,5,3,2,13.5,1,0,359.0
4.06,17,6,4,0,5.3,1,1,676.0
2.47,21,6,2,2,6.3,1,0,355.0
6.68,23,4,3,1,5.7,0,0,302.0
8.62,18,4,8,3,25.9,0,1,826.0
2.02,23,5,3,2,7.5,1,0,216.0
5.8,16,1,4,0,6.5,0,0,442.0
14.79,13,2,3,0,7.6,0,0,477.0
17.55,20,2,10,2,20.2,0,1,924.0
12.38,19,5,6,0,19.0,1,1,692.0
0.76,7,2,3,1,5.1,0,0,424.0
8.09,9,0,7,0,10.0,0,1,768.0
15.89,9,5,6,0,10.3,1,1,711.0
5.38,19,5,5,1,8.9,1,1,699.0
2.88,8,4,6,0,7.7,0,1,792.0
15.14,9,6,8,3,19.7,1,1,691.0
16.57,14,5,4,0,9.2,1,0,321.0
7.51,6,6,0,0,0.0,1,0,217.0
2.91,21,1,4,0,5.9,0,0,450.0
1.79,13,0,3,0,8.8,0,0,482.0
9.47,8,2,7,1,14.1,0,1,712.0
4.74,9,5,7,0,10.0,1,1,697.0
7.18,18,6,2,0,3.8,1,1,569.0
6.66,16,0,6,5,18.3,0,0,521.0
3.9,12,5,3,0,8.7,1,0,256.0
1.7,9,3,6,0,8.6,0,1,752.0
5.49,20,5,5,3,12.8,1,1,660.0
8.31,18,4,9,1,16.4,0,1,907.0
8.58,17,0,5,0,8.8,0,1,770.0
4.52,12,3,6,5,20.7,0,0,588.0
16.36,22,0,5,1,11.0,0,0,298.0
3.16,17,2,7,0,10.0,0,1,929.0
14.05,11,5,3,0,6.6,1,0,246.0
8.13,21,4,5,4,15.0,0,0,609.0
5.52,19,4,7,0,15.6,0,1,863.0
10.31,18,4,7,2,15.1,0,1,809.0
6.38,18,0,6,0,8.2,0,1,896.0
2.3,11,4,3,0,8.4,0,0,453.0
2.97,13,3,3,3,14.2,0,0,462.0
6.08,8,3,9,5,40.5,0,1,973.0
5.0,16,1,1,0,5.6,0,0,424.0
13.84,10,4,7,0,11.3,0,1,735.0
4.83,10,4,8,2,18.0,0,1,852.0
4.6,21,2,3,1,7.1,0,0,383.0
4.16,8,0,5,0,14.3,0,1,739.0
3.89,18,0,6,0,16.9,0,1,770.0
3.99,9,2,9,4,21.4,0,1,1000.0
2.6,5,3,4,0,5.5,0,0,487.0
8.37,6,6,1,0,4.8,1,0,269.0
6.76,12,5,2,0,2.0,1,0,239.0
6.56,12,3,4,0,6.4,0,0,379.0
1.9,9,2,7,1,19.4,0,1,838.0
9.73,17,1,6,0,10.1,0,1,872.0
10.38,13,0,4,1,8.6,0,0,433.0
18.93,6,0,5,0,9.5,0,0,428.0
10.01,10,6,6,0,8.9,1,1,682.0
21.35,7,0,6,3,22.3,0,0,418.0
4.44,6,6,4,1,7.5,1,0,355.0
19.57,8,4,7,0,12.3,0,1,680.0
10.23,17,4,6,0,10.5,0,1,835.0
9.39,17,6,5,1,10.7,1,1,629.0
6.45,19,5,6,2,14.4,1,1,696.0
5.51,18,1,5,1,17.9,0,1,852.0
4.7,14,6,2,2,8.5,1,0,286.0
19.99,9,1,8,0,13.3,0,1,751.0
6.3,0,3,7,5,24.1,0,0,432.0
10.35,17,4,5,0,9.7,0,1,723.0
11.87,9,1,7,0,12.7,0,1,816.0
11.76,8,4,7,1,21.0,0,1,782.0
8.39,22,4,3,0,13.1,0,0,439.0
19.34,8,6,6,0,17.2,1,1,652.0
9.82,5,6,2,0,2.5,1,0,325.0
4.61,21,2,6,2,14.7,0,0,465.0
5.69,9,4,9,2,17.9,0,1,874.0
2.0,11,5,5,1,10.7,1,0,299.0
9.02,7,0,3,0,4.8,0,0,372.0
10.92,11,4,3,0,5.2,0,0,345.0
11.55,22,6,2,2,8.7,1,0,356.0
10.23,17,0,7,1,15.7,0,1,774.0
6.46,13,5,3,0,5.9,1,0,277.0
7.34,9,0,8,0,13.0,0,1,779.0
7.36,10,2,7,0,10.1,0,1,795.0
13.87,16,5,2,0,3.1,1,0,362.0
1.34,9,6,5,1,9.6,1,1,497.0
5.23,7,5,5,3,12.9,1,0,404.0
3.31,17,5,6,5,18.2,1,1,868.0
24.31,19,1,9,0,15.5,0,1,738.0
15.64,20,5,6,0,11.6,1,1,684.0
5.4,19,4,7,2,14.1,0,1,913.0
2.37,14,6,1,0,1.7,1,0,256.0
2.97,18,4,6,1,19.7,0,1,799.0
13.75,20,0,8,1,17.8,0,1,876.0
1.94,5,3,2,0,9.8,0,0,436.0
7.43,11,5,4,0,6.6,1,0,315.0
12.34,8,5,5,0,9.7,1,1,680.0
2.74,23,2,4,1,9.6,0,0,510.0
7.37,20,1,7,0,9.8,0,1,789.0
5.46,18,6,7,0,11.0,1,1,733.0
4.95,9,5,5,0,16.0,1,1,727.0
4.34,21,6,3,2,13.1,1,0,334.0
13.0,5,4,3,3,11.9,0,0,494.0
17.77,8,5,7,3,20.7,1,1,668.0
6.1,16,2,5,2,11.6,0,0,467.0
9.41,18,5,6,0,9.1,1,1,719.0
7.49,19,3,9,0,16.1,0,1,783.0
1.52,9,5,6,0,7.5,1,1,756.0
5.93,11,1,3,1,8.9,0,0,429.0
1.24,12,2,4,2,8.8,0,0,550.0
5.13,5,1,2,0,2.4,0,0,407.0
7.23,19,2,7,4,21.2,0,1,873.0
11.7,10,5,4,0,6.3,1,1,632.0
8.85,8,0,7,1,17.9,0,1,840.0
13.22,11,5,4,3,16.4,1,0,485.0
3.81,17,5,7,1,19.1,1,1,765.0
16.37,19,4,8,2,17.1,0,1,811.0
17.78,8,4,7,2,17.9,0,1,786.0
1.18,8,0,9,2,20.1,0,1,926.0
1.84,21,4,1,2,6.5,0,0,339.0
7.11,14,1,3,0,6.1,0,0,367.0
4.85,10,1,7,0,9.6,0,1,742.0
5.43,8,6,6,2,13.6,1,1,679.0
8.8,23,4,4,1,25.0,0,0,520.0
13.56,17,6,6,1,14.6,1,1,686.0
3.65,8,3,7,0,10.6,0,1,767.0
15.02,7,2,3,0,11.7,0,0,362.0
4.28,8,6,4,0,5.9,1,1,636.0
26.37,8,4,9,4,27.8,0,1,856.0
16.44,7,6,1,0,23.7,1,0,185.0
4.62,8,0,6,0,9.5,0,1,720.0
2.42,7,3,4,0,8.3,0,0,350.0
4.54,10,5,7,0,9.6,1,1,660.0
4.07,13,5,3,0,5.9,1,0,270.0
10.77,12,5,4,1,9.5,1,0,264.0
1.21,18,1,6,0,12.5,0,1,856.0
1.86,9,3,7,0,9.0,0,1,925.0
10.57,19,0,7,0,21.3,0,1,862.0
3.94,20,5,7,0,10.3,1,1,685.0
5.18,21,4,3,2,10.6,0,0,453.0
12.3,8,1,9,3,20.2,0,1,875.0
13.95,8,5,5,2,16.9,1,1,649.0
15.94,16,5,5,3,15.7,1,0,447.0
11.64,7,0,2,0,6.5,0,0,474.0
6.31,7,0,3,3,9.7,0,0,359.0
5.94,6,1,2,0,8.6,0,0,471.0
5.44,16,0,4,2,13.9,0,0,432.0
2.75,18,3,7,1,11.0,0,1,815.0
3.53,9,6,8,0,10.6,1,1,757.0
14.64,20,0,7,0,12.8,0,1,861.0
4.25,18,4,7,0,9.7,0,1,823.0
2.76,6,2,3,0,3.4,0,0,427.0
15.42,11,5,3,0,5.6,1,0,313.0
8.44,6,3,6,5,20.9,0,0,613.0
20.26,20,4,8,0,13.3,0,1,793.0
18.92,18,6,5,1,15.0,1,1,705.0
2.97,17,0,4,1,9.1,0,1,734.0
6.79,17,2,7,0,15.6,0,1,708.0
3.32,9,1,4,0,11.4,0,1,871.0
3.3,20,1,8,0,12.5,0,1,774.0
5.33,20,4,6,0,13.8,0,1,763.0
10.98,18,0,6,0,10.3,0,1,740.0
11.02,12,2,7,0,17.0,0,0,447.0
10.14,6,0,3,0,11.4,0,0,349.0
6.29,5,4,4,3,13.1,0,0,503.0
11.41,7,5,4,2,17.9,1,0,391.0
2.73,16,3,4,0,6.3,0,0,466.0
8.53,18,3,8,1,14.1,0,1,865.0
7.39,21,3,4,4,15.7,0,0,467.0
6.02,8,1,7,0,18.8,0,1,800.0
8.76,9,2,6,0,12.3,0,1,843.0
1.1,6,6,1,0,3.8,1,0,253.0
3.38,23,0,3,0,3.7,0,0,367.0
10.4,18,5,4,2,9.7,1,1,718.0
7.26,13,1,5,2,11.1,0,0,468.0
2.03,15,0,3,1,15.7,0,0,426.0
7.14,15,1,3,0,7.7,0,0,365.0
4.89,9,1,7,2,15.0,0,1,914.0
14.88,8,2,7,0,18.3,0,1,819.0
2.9,9,5,6,0,9.8,1,1,719.0
2.99,8,6,4,0,4.8,1,1,583.0
9.53,15,4,4,3,11.8,0,0,471.0
6.48,9,1,7,2,17.6,0,1,835.0
6.25,17,6,4,1,8.1,1,1,607.0
26.46,15,5,4,2,15.3,1,0,251.0
11.23,14,0,3,0,5.0,0,0,410.0
5.69,21,2,2,0,3.0,0,0,444.0
1.8,9,5,6,2,11.5,1,1,679.0
5.46,16,0,6,3,18.2,0,0,474.0
2.65,0,0,4,1,7.6,0,0,489.0
3.55,18,4,6,0,7.9,0,1,761.0
3.65,13,2,5,5,16.2,0,0,575.0
14.12,8,3,6,0,11.3,0,1,723.0
2.19,0,5,3,0,7.7,1,0,362.0
13.22,17,3,7,0,15.3,0,1,700.0
9.82,17,4,4,0,8.0,0,1,755.0
9.72,17,0,8,1,25.6,0,1,735.0
3.44,12,0,5,1,10.7,0,0,526.0
12.09,16,1,4,0,6.3,0,0,384.0
3.11,15,1,0,0,4.8,0,0,377.0
17.96,8,2,8,1,16.3,0,1,810.0
14.34,14,5,3,0,8.2,1,0,172.0
19.94,13,1,4,0,13.4,0,0,454.0
7.42,18,0,7,0,12.0,0,1,819.0
6.47,12,1,6,3,14.6,0,0,560.0
5.35,12,2,6,5,18.7,0,0,512.0
26.11,22,1,6,0,11.9,0,0,391.0
10.91,19,1,7,1,12.2,0,1,719.0
2.68,8,4,8,3,19.0,0,1,910.0
16.65,20,0,8,0,13.3,0,1,723.0
6.3,7,1,4,3,13.8,0,0,777.0
0.54,19,5,4,0,10.4,1,1,717.0
4.06,8,0,7,1,12.8,0,1,910.0
14.33,11,0,5,1,9.7,0,0,404.0
9.84,22,0,5,0,9.7,0,0,449.0
11.18,7,3,5,2,11.8,0,0,507.0
16.55,19,4,8,2,16.6,0,1,753.0
1.51,13,4,3,0,4.3,0,0,370.0
4.1,7,4,3,1,5.7,0,0,475.0
7.54,21,0,5,4,16.0,0,0,497.0
14.61,14,2,3,3,15.7,0,0,382.0
3.1,19,4,7,1,12.8,0,1,797.0
5.67,19,4,10,0,16.2,0,1,800.0
7.2,3,2,2,0,3.1,0,0,245.0
3.94,9,5,5,0,10.5,1,1,582.0
7.15,10,5,7,2,17.5,1,1,757.0
6.45,14,5,3,2,8.3,1,0,378.0
4.79,6,5,2,3,18.3,1,0,522.0
12.07,11,6,3,0,5.8,1,0,275.0
10.67,18,5,7,4,18.7,1,1,693.0
12.43,8,4,7,4,20.0,0,1,854.0
13.16,17,2,8,1,14.7,0,1,855.0
19.24,12,2,6,3,18.1,0,0,530.0
1.96,6,5,1,0,0.9,1,0,328.0
2.17,8,2,6,0,8.7,0,1,829.0
11.4,7,4,3,0,6.9,0,0,379.0
5.14,16,3,1,0,7.2,0,0,411.0
4.66,7,2,4,0,7.0,0,0,351.0
4.13,18,3,8,1,18.4,0,1,744.0
12.72,18,0,6,0,12.2,0,1,883.0
25.07,7,4,4,0,8.7,0,0,332.0
13.11,19,0,7,0,13.4,0,1,809.0
4.96,21,0,4,1,7.2,0,0,267.0
12.3,6,1,4,4,15.6,0,0,562.0
2.11,21,3,4,0,4.7,0,0,496.0
6.13,9,2,6,2,12.6,0,1,722.0
1.51,17,6,8,5,21.5,1,1,833.0
5.15,8,6,5,2,31.5,1,1,785.0
8.13,18,2,6,2,14.7,0,1,738.0
28.01,19,6,7,1,23.9,1,1,695.0
15.37,22,0,6,5,23.5,0,0,592.0
1.54,23,1,3,0,8.2,0,0,441.0
1.7,6,2,3,2,9.5,0,0,359.0
3.96,17,6,5,0,6.8,1,1,610.0
21.54,9,3,8,0,14.8,0,1,754.0
1.62,7,4,5,2,15.1,0,0,491.0
4.15,7,4,4,2,19.0,0,0,475.0
4.13,20,3,7,3,16.7,0,1,854.0
9.51,17,6,6,4,23.7,1,1,664.0
12.5,6,6,2,2,6.9,1,0,337.0
10.74,22,3,4,1,12.2,0,0,462.0
8.62,18,4,9,4,29.5,0,1,969.0
2.03,9,4,5,0,7.0,0,1,798.0
7.7,12,4,4,0,6.5,0,0,390.0
16.85,17,0,7,0,17.1,0,1,735.0
20.54,17,1,8,1,15.2,0,1,720.0
9.34,12,6,4,1,9.7,1,0,426.0
1.56,13,1,1,2,4.0,0,0,400.0
9.45,6,4,5,0,14.8,0,0,342.0
6.44,13,6,3,2,7.5,1,0,334.0
1.81,10,4,6,1,11.1,0,1,692.0
2.95,9,1,8,4,18.8,0,1,928.0
3.44,9,6,5,0,10.7,1,1,695.0
11.43,17,0,7,1,16.3,0,1,775.0
19.99,12,5,3,2,10.6,1,0,227.0
10.28,11,1,3,1,8.1,0,0,430.0
11.68,8,4,6,0,8.8,0,1,747.0
6.77,21,3,5,0,8.4,0,0,318.0
4.6,8,3,6,0,8.5,0,1,855.0
10.47,11,2,6,0,11.5,0,0,389.0
8.7,8,3,7,1,12.6,0,1,730.0
3.71,17,6,6,1,9.7,1,1,796.0
8.3,12,5,2,2,6.3,1,0,369.0
7.1,11,2,3,0,6.8,0,0,367.0
5.63,19,6,5,0,10.0,1,1,600.0
4.47,18,6,5,2,11.8,1,1,659.0
9.33,14,4,4,2,11.4,0,0,416.0
4.71,12,4,5,2,12.5,0,0,557.0
25.09,21,0,6,2,18.4,0,0,506.0
10.04,21,3,4,4,17.5,0,0,495.0
9.44,17,1,9,4,24.0,0,1,957.0
6.25,18,1,8,1,17.0,0,1,838.0
5.26,20,6,5,0,7.0,1,1,615.0
1.21,21,1,2,0,2.3,0,0,297.0
3.91,7,4,4,1,8.2,0,0,462.0
1.52,23,6,0,0,0.0,1,0,307.0
1.5,17,4,6,0,9.9,0,1,770.0
2.57,15,5,4,0,14.5,1,0,435.0
15.72,11,5,1,4,10.8,1,0,273.0
15.67,10,3,8,0,15.6,0,1,795.0
3.99,18,6,7,2,13.1,1,1,742.0
1.98,17,6,5,3,13.1,1,1,817.0
5.08,8,2,7,1,11.7,0,1,852.0
11.35,16,5,3,0,4.4,1,0,273.0
13.67,7,1,4,3,26.5,0,0,487.0
8.21,13,0,3,1,6.4,0,0,329.0
9.25,15,3,3,0,15.4,0,0,275.0
8.64,16,4,5,1,10.3,0,0,414.0
1.64,7,4,2,0,3.6,0,0,378.0
2.17,7,5,3,2,18.1,1,0,418.0
20.51,9,2,8,3,22.6,0,1,822.0
8.18,16,5,3,1,7.6,1,0,286.0
0.91,20,6,8,4,19.2,1,1,657.0
9.64,18,0,7,0,11.2,0,1,818.0
3.3,18,3,7,3,16.4,0,1,885.0
14.4,9,1,8,2,16.5,0,1,876.0
13.4,7,4,3,0,7.2,0,0,367.0
10.93,19,2,7,3,16.7,0,1,908.0
8.12,13,1,6,3,17.3,0,0,482.0
16.72,7,1,6,0,10.9,0,0,413.0
17.83,14,2,3,2,12.8,0,0,405.0
3.37,17,0,7,0,12.6,0,1,858.0
10.85,9,0,8,0,11.6,0,1,825.0
4.51,1,4,2,0,2.3,0,0,401.0
2.97,16,6,1,0,3.3,1,0,291.0
17.82,6,3,3,0,11.1,0,0,346.0
12.05,12,6,4,0,6.0,1,0,350.0
8.6,18,1,10,4,29.4,0,1,855.0
3.65,23,6,1,0,1.8,1,0,229.0
18.16,10,4,6,2,13.9,0,1,861.0
3.26,5,5,3,0,9.7,1,0,288.0
2.65,13,0,4,0,15.1,0,0,451.0
7.11,9,4,9,2,16.9,0,1,962.0
11.35,19,2,6,0,13.3,0,1,759.0
5.48,17,6,6,0,8.6,1,1,639.0
40.0,11,5,5,5,23.8,1,0,383.0
8.02,18,6,6,0,11.5,1,1,669.0
4.5,10,6,5,0,6.5,1,1,656.0
4.91,14,5,4,1,11.2,1,0,239.0
22.01,20,1,8,0,19.0,0,1,764.0
6.63,8,1,7,2,15.0,0,1,880.0
17.42,9,6,6,0,11.2,1,1,617.0
1.45,19,4,6,0,9.1,0,1,722.0
14.59,12,6,1,0,2.8,1,0,192.0
3.81,9,5,7,0,9.4,1,1,680.0
12.24,6,4,6,1,11.5,0,0,436.0
3.78,11,1,5,4,14.8,0,0,492.0
5.19,13,6,4,2,9.1,1,0,464.0
2.89,11,1,5,0,9.1,0,0,472.0
12.4,9,1,10,4,25.9,0,1,823.0
13.73,10,1,7,2,14.9,0,1,811.0
3.91,16,0,3,0,3.2,0,0,394.0
1.85,19,2,4,0,4.3,0,1,818.0
17.26,17,5,7,0,11.3,1,1,653.0
4.3,17,6,6,0,11.1,1,1,691.0
6.38,18,3,8,0,11.9,0,1,933.0
3.35,8,2,7,0,14.4,0,1,760.0
11.61,9,2,9,5,24.0,0,1,970.0
11.8,6,6,1,0,2.5,1,0,236.0
19.13,10,0,8,0,15.8,0,1,745.0
14.87,23,0,5,5,25.6,0,0,481.0
14.2,9,0,8,1,15.7,0,1,893.0
6.82,19,6,4,0,8.2,1,1,674.0
6.21,7,0,4,0,12.0,0,0,466.0
11.5,12,6,4,1,11.5,1,0,382.0
6.54,10,1,7,0,10.7,0,1,819.0
15.21,8,3,8,1,14.4,0,1,739.0
3.17,10,6,7,3,17.6,1,1,692.0
1.42,17,0,9,1,15.5,0,1,978.0
10.6,13,1,5,3,18.3,0,0,502.0
4.75,19,5,7,2,14.7,1,1,761.0
2.76,20,5,7,1,11.7,1,1,851.0
26.93,13,6,4,0,17.1,1,0,198.0
7.3,22,0,1,0,3.8,0,0,195.0
2.22,6,5,1,0,3.0,1,0,168.0
4.31,9,2,8,1,14.4,0,1,820.0
5.82,11,3,3,0,6.6,0,0,405.0
10.44,15,6,4,1,11.7,1,0,418.0
4.32,14,6,4,0,6.5,1,0,383.0
6.45,15,1,3,1,6.8,0,0,256.0
8.81,19,3,6,0,10.1,0,1,937.0
9.99,9,1,8,3,19.4,0,1,845.0
6.8,18,4,6,0,8.5,0,1,847.0
21.78,15,5,5,2,17.3,1,0,365.0
11.69,13,2,3,1,6.4,0,0,385.0
11.25,9,0,8,0,16.7,0,1,799.0
10.98,9,0,9,2,21.8,0,1,809.0
15.29,11,0,6,4,21.9,0,0,434.0
8.4,18,2,8,2,18.3,0,1,849.0
3.12,13,6,3,4,15.9,1,0,320.0
9.66,7,1,6,0,12.8,0,0,552.0
10.53,18,2,8,3,18.1,0,1,869.0
16.87,17,4,9,3,21.8,0,1,989.0
2.86,21,4,4,2,14.1,0,0,453.0
3.5,14,1,2,3,11.0,0,0,410.0
7.47,17,0,7,2,13.8,0,1,867.0
11.19,13,1,4,1,12.5,0,0,408.0
2.4,17,1,7,1,12.4,0,1,895.0
2.93,12,0,2,0,2.4,0,0,466.0
13.04,7,3,5,1,17.9,0,0,515.0
2.5,22,4,4,0,6.2,0,0,511.0
3.54,17,4,7,2,13.0,0,1,896.0
13.59,16,6,2,1,8.8,1,0,242.0
11.08,13,2,2,0,3.8,0,0,416.0
4.36,17,4,7,0,12.6,0,1,856.0
10.22,7,6,4,0,7.1,1,0,270.0
8.91,9,0,9,1,14.8,0,1,821.0
6.61,7,5,1,0,0.7,1,0,245.0
5.37,7,0,5,0,11.4,0,0,517.0
9.94,5,3,3,0,5.0,0,0,381.0
2.7,18,5,4,0,8.7,1,1,666.0
9.87,8,3,5,0,7.2,0,1,728.0
8.33,19,3,5,0,7.7,0,1,724.0
8.76,20,4,8,2,17.4,0,1,785.0
3.41,8,4,7,2,14.7,0,1,900.0
17.15,17,5,7,4,20.4,1,1,685.0
4.37,12,6,1,0,1.4,1,0,267.0
4.94,20,0,5,0,8.6,0,1,739.0
6.42,13,2,2,0,2.1,0,0,409.0
11.06,10,5,7,1,12.3,1,1,687.0
8.58,9,2,9,0,15.5,0,1,780.0
1.79,20,3,8,0,13.0,0,1,904.0
7.22,8,5,6,1,15.5,1,1,666.0
7.66,18,6,5,0,10.2,1,1,675.0
17.42,8,1,7,1,13.4,0,1,848.0
5.75,17,6,6,1,10.0,1,1,662.0
10.42,12,4,5,3,19.1,0,0,486.0
34.89,7,0,5,0,11.9,0,0,293.0
15.51,7,6,5,0,11.7,1,0,323.0
3.25,9,2,7,1,11.1,0,1,825.0
12.07,18,1,9,0,16.6,0,1,883.0
9.89,17,3,5,0,7.4,0,1,700.0
5.6,8,4,7,0,19.9,0,1,907.0
12.17,13,3,4,0,8.5,0,0,489.0
3.21,7,0,2,0,5.1,0,0,402.0
4.45,17,5,6,1,13.3,1,1,674.0
6.47,18,2,9,2,18.0,0,1,882.0
5.41,19,0,9,0,16.2,0,1,849.0
11.3,19,3,8,1,13.7,0,1,925.0
7.08,10,4,7,5,20.1,0,1,888.0
5.0,9,0,7,0,12.1,0,1,893.0
15.34,19,6,7,2,16.5,1,1,721.0
11.01,7,4,3,0,13.8,0,0,399.0
2.14,6,6,4,4,22.8,1,0,426.0
2.1,9,4,6,0,7.6,0,1,776.0
5.02,18,0,6,0,11.1,0,1,842.0
2.39,17,1,10,5,24.6,0,1,939.0
13.76,22,6,4,1,11.7,1,0,377.0
4.62,10,3,5,0,14.7,0,1,870.0
10.41,9,0,7,2,17.3,0,1,794.0
11.96,10,0,6,3,15.0,0,1,884.0
1.22,18,3,8,0,10.8,0,1,904.0
4.78,8,4,7,0,10.8,0,1,859.0
6.25,21,1,1,0,0.8,0,0,304.0
8.84,13,1,5,4,15.0,0,0,494.0
13.26,18,4,7,0,11.2,0,1,763.0
27.69,18,3,7,0,18.0,0,1,851.0
20.42,13,0,5,0,14.4,0,0,391.0
7.01,18,0,8,0,14.4,0,1,815.0
6.95,10,1,7,1,11.7,0,1,745.0
19.06,18,3,6,0,15.5,0,1,680.0
7.3,18,2,6,0,9.7,0,1,733.0
4.7,15,0,3,0,5.5,0,0,421.0
13.91,8,6,5,0,15.3,1,1,568.0
9.15,22,4,3,0,5.2,0,0,338.0
2.07,21,4,4,0,5.1,0,0,316.0
5.79,16,1,3,2,8.8,0,0,516.0
2.46,22,4,2,0,3.2,0,0,391.0
0.54,13,6,2,0,4.1,1,0,324.0
22.24,10,4,9,1,20.0,0,1,741.0
7.98,12,2,5,2,12.6,0,0,540.0
5.95,6,2,4,1,8.5,0,0,525.0
4.99,14,6,5,5,17.0,1,0,453.0
7.4,17,0,6,0,12.0,0,1,752.0
4.94,7,1,4,0,6.4,0,0,452.0
3.3,9,0,7,0,19.4,0,1,883.0
5.17,17,4,8,0,12.6,0,1,881.0
17.87,18,3,8,5,23.6,0,1,914.0
13.71,22,0,3,1,7.4,0,0,436.0
5.18,9,6,6,2,13.7,1,1,692.0
23.68,19,3,10,5,30.4,0,1,959.0
6.95,8,1,10,3,30.7,0,1,926.0
3.95,7,6,0,0,1.9,1,0,97.0
9.43,17,4,8,3,22.6,0,1,854.0
19.71,12,0,4,0,8.5,0,0,326.0
17.33,18,5,6,0,15.0,1,1,669.0
4.11,9,0,9,1,24.9,0,1,952.0
2.75,8,6,7,3,20.1,1,1,807.0
5.55,14,2,2,2,6.9,0,0,530.0
10.54,7,2,5,0,9.2,0,0,389.0
12.52,9,0,10,3,25.7,0,1,793.0
15.76,8,6,6,0,15.8,1,1,681.0
8.3,9,3,5,1,10.8,0,1,736.0
8.49,18,4,6,0,9.0,0,1,702.0
8.08,7,5,3,0,3.8,1,0,271.0
14.45,16,3,5,0,10.6,0,0,360.0
12.67,15,2,3,3,12.4,0,0,385.0
3.99,14,5,3,5,13.1,1,0,497.0
11.65,13,3,5,0,7.8,0,0,418.0
13.84,17,1,9,0,17.2,0,1,805.0
14.57,19,5,6,0,11.2,1,1,752.0
9.15,8,5,8,2,19.7,1,1,752.0
8.81,18,1,8,1,13.4,0,1,755.0
7.17,6,4,5,1,12.1,0,0,378.0
7.72,13,6,2,0,5.9,1,0,274.0
21.4,13,5,3,0,8.2,1,0,144.0
7.91,8,1,7,3,23.2,0,1,802.0
4.25,7,5,3,1,6.3,1,0,305.0
9.29,6,0,2,0,12.1,0,0,448.0
12.36,6,4,4,0,9.4,0,0,472.0
14.18,15,3,3,0,5.5,0,0,396.0
3.27,8,0,7,0,11.7,0,1,816.0
18.66,18,5,5,0,9.2,1,1,579.0
12.05,20,2,7,2,15.4,0,1,839.0
17.99,9,5,6,0,10.5,1,1,745.0
2.31,8,6,6,0,9.6,1,1,715.0
14.94,11,4,5,1,10.0,0,0,389.0
3.13,19,4,5,0,7.7,0,1,760.0
6.05,11,0,2,0,6.4,0,0,362.0
12.31,7,6,3,3,18.6,1,0,389.0
2.88,22,4,2,0,6.3,0,0,346.0
4.91,13,2,6,2,12.8,0,0,527.0
2.27,10,0,8,0,10.6,0,1,870.0
12.1,19,3,6,0,14.4,0,1,787.0
3.93,20,6,7,0,10.6,1,1,655.0
7.55,13,6,4,1,7.6,1,0,326.0
9.91,9,0,5,0,7.3,0,1,706.0
9.22,13,5,2,2,6.9,1,0,299.0
8.64,8,0,5,0,15.5,0,1,728.0
8.63,13,2,4,1,12.2,0,0,508.0
2.41,8,3,6,0,9.0,0,1,805.0
6.3,16,0,3,0,9.5,0,0,307.0
8.58,18,0,5,1,9.4,0,1,684.0
7.94,21,6,1,0,8.1,1,0,339.0
6.84,19,4,7,0,10.5,0,1,786.0
4.37,7,5,3,1,6.7,1,0,305.0
9.08,8,3,5,2,14.5,0,1,858.0
10.26,14,3,3,2,8.6,0,0,403.0
5.43,9,0,8,0,11.2,0,1,751.0
14.24,3,3,2,0,4.5,0,0,268.0
18.91,18,5,6,0,10.2,1,1,671.0
7.66,10,1,5,0,9.3,0,1,875.0
4.06,6,3,4,0,4.9,0,0,469.0
2.85,13,2,1,0,1.5,0,0,337.0
5.98,22,6,2,0,2.7,1,0,264.0
7.26,17,1,8,1,20.6,0,1,860.0
2.72,8,0,7,0,13.4,0,1,703.0
5.85,13,1,3,0,11.8,0,0,414.0
13.76,20,1,6,0,9.5,0,1,780.0
1.02,6,5,1,0,0.9,1,0,382.0
8.0,16,1,3,2,11.9,0,0,497.0
4.89,17,2,6,0,9.0,0,1,899.0
7.43,17,1,6,0,15.6,0,1,892.0
19.56,7,5,4,3,17.2,1,0,421.0
7.18,20,4,8,0,17.0,0,1,834.0
6.45,9,3,5,0,18.7,0,1,808.0
11.59,6,5,1,2,8.3,1,0,179.0
9.16,7,0,3,1,6.6,0,0,404.0
8.03,12,4,5,4,17.7,0,0,547.0
9.39,6,2,5,3,14.1,0,0,465.0
16.23,18,2,7,1,20.8,0,1,707.0
13.19,19,1,6,0,9.9,0,1,843.0
6.13,3,0,2,0,3.0,0,0,392.0
18.9,18,4,7,0,17.9,0,1,868.0
5.12,22,5,2,1,5.5,1,0,348.0
8.01,5,6,5,3,12.8,1,0,476.0
8.66,17,1,7,0,10.0,0,1,857.0
5.92,23,5,3,3,11.0,1,0,322.0
17.62,18,0,9,1,17.1,0,1,787.0
5.7,13,5,2,0,4.5,1,0,258.0
6.78,19,3,6,3,21.3,0,1,795.0
14.45,17,6,3,1,9.8,1,1,718.0
5.27,9,0,5,0,7.8,0,1,762.0
2.62,8,5,6,0,7.6,1,1,727.0
8.17,13,3,4,0,9.9,0,0,335.0
3.33,10,3,5,0,6.4,0,1,813.0
3.03,9,3,8,1,13.0,0,1,829.0
1.05,8,4,8,3,17.4,0,1,979.0
1.21,19,4,8,1,21.8,0,1,847.0
1.31,17,2,9,3,19.0,0,1,1000.0
20.49,9,3,10,3,24.8,0,1,931.0
1.31,8,0,7,0,9.3,0,1,790.0
3.26,7,5,3,2,9.2,1,0,440.0
6.86,7,4,4,2,11.9,0,0,524.0
11.25,16,3,4,0,8.3,0,0,426.0
12.02,7,5,1,0,9.6,1,0,193.0
4.06,21,1,4,2,10.5,0,0,511.0
7.9,9,1,9,5,24.0,0,1,942.0
6.72,5,6,6,5,23.7,1,0,482.0
7.59,19,6,5,0,7.2,1,1,662.0
8.31,10,5,7,2,21.3,1,1,759.0
9.88,10,0,6,0,10.0,0,1,712.0
4.82,7,3,6,3,15.0,0,0,432.0
15.79,17,5,5,1,13.7,1,1,551.0
5.73,10,0,9,4,22.1,0,1,946.0
26.94,18,6,8,5,24.1,1,1,600.0
5.05,16,5,1,0,4.8,1,0,313.0
8.0,19,2,9,5,24.0,0,1,968.0
6.76,16,3,5,1,10.5,0,0,437.0
7.78,18,6,4,0,7.5,1,1,701.0
14.7,17,5,4,0,6.6,1,1,590.0
6.49,12,5,3,1,6.4,1,0,343.0
2.92,17,6,3,0,11.4,1,1,538.0
4.75,17,5,7,0,12.2,1,1,587.0
6.5,0,6,4,1,9.4,1,0,331.0
8.5,17,6,6,0,9.7,1,1,704.0
4.08,9,0,6,0,10.4,0,1,848.0
4.44,14,4,6,2,12.4,0,0,493.0
8.71,7,2,5,0,7.9,0,0,439.0
8.92,5,3,3,1,14.0,0,0,467.0
13.38,4,1,5,0,8.0,0,0,396.0
4.71,8,4,7,3,15.8,0,1,899.0
10.54,5,5,2,0,3.0,1,0,190.0
6.77,7,2,2,2,6.3,0,0,303.0
5.24,15,4,4,2,9.0,0,0,421.0
6.93,11,2,4,3,12.7,0,0,517.0
7.63,22,5,2,1,5.3,1,0,249.0
2.65,18,0,6,0,8.8,0,1,832.0
2.84,7,6,1,0,0.4,1,0,205.0
11.51,11,2,4,1,21.3,0,0,413.0
5.63,12,3,5,1,9.9,0,0,473.0
8.54,10,5,5,1,9.0,1,1,633.0
11.28,13,0,5,0,9.5,0,0,388.0
6.96,17,6,6,1,10.1,1,1,544.0
10.67,16,4,4,0,16.1,0,0,473.0
7.67,10,6,6,1,14.0,1,1,702.0
7.92,17,3,6,1,10.5,0,1,731.0
15.47,9,1,7,0,12.0,0,1,872.0
6.44,19,4,8,1,13.4,0,1,792.0
11.59,21,4,3,0,5.0,0,0,336.0
2.24,9,6,4,2,12.3,1,1,649.0
8.33,18,4,8,2,16.9,0,1,921.0
18.0,18,2,8,0,18.1,0,1,873.0
28.15,13,1,6,0,12.2,0,0,448.0
2.35,7,2,5,1,11.5,0,0,557.0
5.61,18,4,8,2,15.8,0,1,828.0
3.39,11,2,3,0,4.9,0,0,504.0
6.62,8,2,7,0,9.8,0,1,784.0
12.84,16,0,2,0,3.1,0,0,245.0
15.83,12,6,3,2,9.5,1,0,274.0
16.16,7,5,2,0,8.5,1,0,268.0
2.16,22,1,4,2,11.9,0,0,437.0
7.52,8,0,7,1,25.2,0,1,861.0
4.64,13,5,2,3,17.6,1,0,402.0
6.35,17,5,6,5,18.1,1,1,808.0
5.15,7,6,3,0,13.1,1,0,369.0
2.26,18,3,6,1,10.0,0,1,801.0
15.93,17,5,6,2,14.0,1,1,643.0
4.11,13,5,3,3,11.9,1,0,285.0
4.7,14,1,3,1,7.7,0,0,415.0
18.06,21,3,5,0,12.7,0,0,365.0
1.91,20,1,7,5,19.3,0,1,908.0
9.79,7,5,2,0,5.4,1,0,144.0
14.01,10,6,7,4,20.9,1,1,671.0
17.17,14,0,4,0,8.2,0,0,400.0
9.35,20,0,6,0,8.8,0,1,664.0
11.73,18,1,9,4,27.0,0,1,905.0
14.0,10,0,9,1,22.4,0,1,800.0
6.7,19,0,6,1,12.9,0,1,747.0
3.66,10,6,4,0,6.5,1,1,660.0
18.93,9,4,7,0,11.6,0,1,747.0
10.92,16,5,4,0,9.1,1,0,343.0
7.51,10,3,7,1,19.9,0,1,770.0
2.37,16,5,3,0,4.8,1,0,265.0
0.82,11,4,3,0,4.1,0,0,480.0
9.66,18,1,8,0,11.8,0,1,792.0
0.75,21,1,5,4,15.3,0,0,560.0
7.45,9,3,9,3,19.6,0,1,869.0
4.26,13,2,2,0,1.8,0,0,400.0
5.14,17,5,6,5,18.4,1,1,641.0
16.27,8,2,8,0,13.3,0,1,850.0
4.29,18,2,8,0,13.3,0,1,807.0
7.72,15,3,6,0,9.0,0,0,375.0
4.31,7,1,3,3,10.0,0,0,393.0
9.06,19,6,6,0,11.4,1,1,666.0
8.21,11,0,2,0,6.0,0,0,360.0
7.46,8,5,6,4,19.2,1,1,777.0
14.03,8,4,7,2,21.5,0,1,754.0
1.91,18,6,6,2,19.3,1,1,818.0
1.45,20,2,6,2,13.7,0,1,809.0
2.78,10,6,6,1,13.6,1,1,696.0
8.24,6,6,3,0,9.0,1,0,290.0
10.13,7,3,6,2,22.2,0,0,547.0
0.5,17,1,7,0,9.8,0,1,821.0
10.04,10,1,7,0,10.2,0,1,749.0
5.71,11,1,5,5,17.5,0,0,517.0
19.23,10,4,7,0,12.7,0,1,821.0
9.55,12,6,3,0,5.1,1,0,350.0
17.84,17,3,6,0,10.6,0,1,751.0
15.75,14,6,4,3,12.7,1,0,350.0
5.72,8,5,6,5,21.7,1,1,936.0
12.87,13,4,4,0,5.9,0,0,410.0
5.71,12,5,1,0,1.5,1,0,268.0
20.75,14,6,3,2,9.6,1,0,265.0
6.12,7,6,2,1,9.3,1,0,332.0
10.45,7,1,3,0,7.3,0,0,196.0
23.21,14,4,4,0,8.9,0,0,406.0
10.76,9,3,5,1,9.6,0,1,678.0
5.27,16,6,0,0,5.1,1,0,209.0
2.5,10,1,8,2,15.7,0,1,794.0
1.93,8,5,5,0,8.0,1,1,641.0
10.01,17,3,7,2,20.7,0,1,821.0
6.93,11,6,4,1,7.4,1,0,390.0
2.82,8,5,5,1,11.4,1,1,783.0
11.98,18,2,7,2,15.7,0,1,934.0
11.87,12,5,1,0,11.6,1,0,266.0
6.84,20,1,9,0,14.5,0,1,832.0
18.34,8,0,8,1,15.7,0,1,839.0
1.59,19,3,7,2,20.6,0,1,827.0
5.43,18,2,8,3,19.9,0,1,833.0
10.72,7,0,1,0,5.8,0,0,315.0
3.11,14,6,2,2,17.2,1,0,360.0
12.76,17,0,7,0,14.0,0,1,657.0
15.26,13,4,4,0,12.6,0,0,455.0
0.51,11,1,5,0,9.2,0,0,480.0
18.73,21,2,5,3,18.9,0,0,502.0
10.29,17,1,8,1,13.8,0,1,729.0
4.95,21,2,4,0,7.2,0,0,381.0
2.09,19,4,7,2,12.9,0,1,810.0
13.89,18,2,7,0,12.4,0,1,759.0
2.69,17,5,5,0,7.5,1,1,678.0
10.28,17,3,5,0,17.2,0,1,818.0
2.79,19,5,5,0,8.8,1,1,690.0
7.33,16,3,4,0,10.6,0,0,376.0
13.49,6,2,4,0,8.4,0,0,518.0
5.0,15,3,4,2,24.5,0,0,485.0
18.65,7,4,6,3,20.4,0,0,423.0
10.89,21,3,4,4,14.1,0,0,358.0
3.12,17,6,7,0,12.4,1,1,735.0
2.25,15,3,2,1,15.7,0,0,478.0
3.9,8,2,6,0,8.4,0,1,717.0
7.08,14,0,4,0,8.7,0,0,454.0
19.79,10,2,7,1,15.4,0,1,772.0
22.19,17,0,8,0,14.1,0,1,650.0
4.85,16,0,3,1,9.6,0,0,463.0
4.73,13,2,5,3,14.0,0,0,487.0
12.13,9,2,7,0,14.8,0,1,718.0
12.07,14,6,3,4,13.2,1,0,413.0
16.77,12,5,5,0,10.1,1,0,361.0
17.06,19,5,7,5,26.2,1,1,709.0
3.67,19,3,4,1,9.4,0,1,785.0
1.85,18,0,5,0,7.7,0,1,787.0
11.0,9,5,6,0,10.2,1,1,665.0
8.55,6,3,3,0,5.0,0,0,350.0
1.01,20,3,8,2,15.8,0,1,876.0
1.8,23,4,4,0,4.3,0,0,483.0
10.64,7,1,4,2,23.5,0,0,497.0
6.63,17,3,5,0,9.2,0,1,642.0
10.81,11,4,4,5,17.8,0,0,368.0
2.94,7,4,3,0,10.0,0,0,309.0
11.34,23,3,2,1,8.6,0,0,293.0
9.31,20,6,6,2,17.1,1,1,680.0
11.91,22,6,4,0,18.2,1,0,306.0
5.13,7,0,4,0,6.6,0,0,415.0
4.29,13,0,4,1,8.1,0,0,439.0
2.09,19,3,6,1,10.6,0,1,811.0
5.81,17,5,6,2,19.0,1,1,815.0
14.84,12,3,3,0,7.1,0,0,258.0
17.55,14,1,5,3,15.5,0,0,470.0
2.71,6,3,5,3,12.2,0,0,526.0
7.08,16,6,4,2,18.5,1,0,308.0
19.98,19,1,7,0,12.8,0,1,777.0
21.72,0,3,5,0,8.9,0,0,391.0
5.63,8,4,8,5,21.4,0,1,920.0
15.7,14,2,6,2,16.6,0,0,320.0
13.99,15,0,3,1,10.2,0,0,443.0
13.24,10,4,8,3,18.4,0,1,865.0
1.55,5,5,3,0,6.6,1,0,351.0
4.62,18,4,7,2,14.1,0,1,642.0
6.53,8,4,6,1,11.1,0,1,764.0
6.39,17,4,7,3,25.0,0,1,798.0
7.02,15,2,6,2,15.4,0,0,578.0
23.24,12,0,2,0,18.6,0,0,271.0
5.78,15,6,2,0,4.1,1,0,371.0
9.61,17,1,7,3,23.7,0,1,923.0
9.37,15,5,3,2,9.3,1,0,341.0
7.09,15,3,3,0,5.2,0,0,456.0
2.87,12,3,6,5,18.1,0,0,513.0
7.8,12,0,3,0,8.7,0,0,349.0
0.99,13,6,3,0,5.0,1,0,380.0
10.28,12,3,7,5,30.0,0,0,533.0
0.8,12,5,2,1,4.6,1,0,241.0
9.65,8,5,6,3,15.4,1,1,713.0
4.43,17,0,8,3,18.3,0,1,838.0
3.24,7,6,3,1,9.6,1,0,454.0
12.26,20,4,6,0,15.0,0,1,814.0
5.27,16,1,5,3,14.2,0,0,466.0
7.51,6,4,4,1,9.9,0,0,372.0
1.61,17,4,6,1,9.5,0,1,834.0
18.4,10,4,7,1,14.6,0,1,842.0
8.05,20,2,6,0,9.0,0,1,786.0
8.03,20,6,7,0,20.0,1,1,673.0
10.44,19,1,7,1,13.1,0,1,716.0
0.5,15,3,5,2,25.0,0,0,518.0
19.6,20,5,6,0,14.6,1,1,663.0
5.62,17,0,5,0,7.7,0,1,730.0
18.85,19,2,7,0,13.9,0,1,813.0
5.47,8,3,6,2,12.2,0,1,850.0
4.54,20,5,6,0,12.7,1,1,720.0
9.95,17,5,6,1,12.4,1,1,725.0
26.22,9,5,8,2,20.1,1,1,611.0
15.69,23,2,5,0,9.9,0,0,369.0
10.72,17,3,5,1,21.2,0,1,727.0
9.84,20,0,8,3,22.3,0,1,902.0
7.74,0,5,1,0,3.7,1,0,193.0
18.31,14,2,6,0,11.2,0,0,414.0
12.47,17,3,6,0,13.3,0,1,752.0
2.05,3,4,3,2,8.3,0,0,484.0
3.25,18,5,9,3,27.1,1,1,779.0
10.97,17,0,6,1,11.7,0,1,805.0
2.77,9,5,6,5,17.8,1,1,735.0
8.01,17,2,6,2,16.4,0,1,761.0
13.17,7,2,4,0,8.8,0,0,381.0
10.0,18,0,7,0,10.8,0,1,855.0
2.39,19,5,5,1,22.9,1,1,691.0
3.42,13,3,3,1,6.3,0,0,315.0
10.22,13,0,4,1,8.0,0,0,357.0
24.42,11,0,6,1,16.6,0,0,389.0
6.83,10,5,6,0,12.5,1,1,807.0
13.48,19,0,6,0,12.4,0,1,778.0
10.06,9,3,7,1,16.5,0,1,769.0
4.39,11,4,5,2,15.7,0,0,487.0
13.58,9,6,8,2,16.5,1,1,835.0
1.56,17,1,5,0,8.8,0,1,765.0
12.93,18,2,9,3,25.4,0,1,878.0
10.49,8,1,6,0,11.0,0,1,739.0
4.74,9,6,3,0,3.9,1,1,666.0
3.0,7,4,2,2,6.5,0,0,388.0
5.09,8,6,8,4,21.6,1,1,874.0
4.12,11,0,7,4,21.1,0,0,641.0
6.02,18,4,6,0,8.8,0,1,814.0
5.51,14,0,3,0,3.4,0,0,376.0
4.74,6,0,2,2,10.3,0,0,340.0
1.49,16,3,5,2,12.2,0,0,484.0
2.62,18,2,7,1,13.1,0,1,797.0
15.03,11,2,2,0,15.0,0,0,317.0
4.85,8,0,7,1,20.1,0,1,834.0
6.11,18,3,5,0,7.2,0,1,783.0
5.28,5,2,4,0,12.3,0,0,398.0
18.58,18,6,5,1,14.2,1,1,561.0
4.04,18,5,5,0,7.0,1,1,615.0
3.8,19,3,7,2,14.7,0,1,952.0
10.65,7,5,0,1,8.3,1,0,284.0
8.47,7,4,5,0,11.1,0,0,378.0
10.86,19,3,8,0,12.1,0,1,879.0
10.39,13,6,3,3,22.2,1,0,361.0
13.82,11,4,4,1,9.5,0,0,539.0
2.33,15,3,5,3,13.5,0,0,528.0
9.96,6,3,4,0,9.2,0,0,439.0
3.82,17,5,7,1,16.2,1,1,802.0
1.04,21,5,4,4,12.4,1,0,510.0
10.34,17,3,6,0,9.8,0,1,735.0
9.93,12,1,4,0,16.1,0,0,510.0
7.29,21,4,4,3,23.5,0,0,464.0
13.98,17,3,6,0,11.1,0,1,727.0
3.84,6,6,3,0,4.3,1,0,310.0
11.52,17,6,8,5,22.4,1,1,865.0
6.54,6,0,1,0,5.0,0,0,334.0
6.92,9,6,5,1,9.9,1,1,782.0
1.23,16,6,3,2,12.2,1,0,453.0
14.07,8,6,5,2,11.6,1,1,672.0
9.67,6,3,3,0,8.8,0,0,329.0
11.22,16,1,6,0,10.9,0,0,500.0
3.41,9,4,7,3,19.2,0,1,755.0
8.9,14,6,4,2,11.0,1,0,397.0
6.52,9,3,8,0,15.9,0,1,783.0
10.02,17,6,4,0,6.9,1,1,703.0
8.62,19,1,7,1,14.5,0,1,732.0
20.92,7,5,5,0,9.2,1,0,244.0
16.89,18,0,8,2,22.6,0,1,860.0
5.98,8,5,10,4,29.0,1,1,912.0
10.33,9,6,5,0,7.7,1,1,609.0
5.6,10,4,10,4,26.2,0,1,939.0
13.73,8,4,8,2,16.7,0,1,887.0
6.73,6,2,4,2,10.0,0,0,510.0
5.02,18,6,8,4,20.0,1,1,796.0
8.82,18,0,7,0,12.3,0,1,757.0
16.05,23,2,5,3,16.3,0,0,377.0
14.44,20,0,7,0,14.3,0,1,789.0
5.25,12,1,1,0,2.1,0,0,399.0
19.76,7,3,4,1,20.8,0,0,419.0
3.58,1,2,4,0,14.2,0,0,393.0
4.55,14,2,5,2,12.8,0,0,593.0
13.35,19,1,7,0,11.7,0,1,645.0
1.05,9,2,7,0,8.9,0,1,871.0
7.52,8,3,7,1,12.0,0,1,825.0
5.96,12,1,4,0,7.9,0,0,447.0
20.49,19,6,4,0,8.0,1,1,537.0
3.05,12,6,1,0,9.6,1,0,284.0
3.35,17,6,7,4,19.0,1,1,822.0
22.3,12,0,5,2,16.9,0,0,413.0
6.01,10,3,5,1,8.7,0,1,665.0
15.65,12,5,2,1,8.6,1,0,368.0
5.3,18,2,7,1,11.7,0,1,860.0
4.41,18,1,8,0,12.4,0,1,833.0
16.15,12,4,3,0,5.3,0,0,353.0
25.75,9,0,7,1,15.0,0,1,840.0
16.96,7,4,4,0,11.7,0,0,336.0
5.04,0,3,4,3,13.8,0,0,425.0
7.29,7,4,4,0,5.6,0,0,457.0
3.48,8,4,7,1,11.5,0,1,857.0
4.0,17,3,5,0,7.5,0,1,704.0
3.83,18,4,9,2,22.2,0,1,975.0
5.4,18,0,10,4,22.8,0,1,968.0
8.15,17,6,4,0,5.3,1,1,577.0
7.5,23,0,4,0,6.7,0,0,438.0
12.11,21,6,2,1,5.8,1,0,293.0
8.45,9,6,6,0,8.5,1,1,670.0
11.35,7,5,1,0,1.4,1,0,254.0
12.57,7,5,4,1,17.2,1,0,379.0
5.11,19,0,8,0,11.8,0,1,881.0
6.63,7,6,1,0,3.5,1,0,265.0
40.0,10,3,8,0,22.2,0,1,684.0
4.78,14,2,5,0,7.3,0,0,455.0
11.78,16,4,4,3,12.5,0,0,520.0
2.48,16,3,2,0,5.8,0,0,430.0
12.81,18,2,8,0,13.6,0,1,778.0
4.18,15,2,4,2,30.6,0,0,526.0
7.7,19,0,6,2,12.3,0,1,908.0
2.1,7,6,1,0,0.8,1,0,316.0
7.15,19,4,9,1,16.8,0,1,873.0
7.26,15,2,6,1,10.3,0,0,539.0
6.45,8,5,5,0,6.7,1,1,628.0
10.09,22,4,2,0,3.1,0,0,370.0
15.27,20,0,7,1,13.6,0,1,895.0
3.34,19,1,8,0,15.2,0,1,884.0
6.57,20,1,7,0,9.6,0,1,892.0
2.25,10,0,8,1,13.4,0,1,853.0
1.36,8,5,6,0,7.5,1,1,676.0
8.37,8,1,5,0,11.3,0,1,826.0
3.12,19,5,4,0,6.8,1,1,549.0
7.45,18,3,7,3,15.9,0,1,863.0
8.61,22,0,4,2,13.6,0,0,514.0
1.62,19,5,4,0,4.4,1,1,692.0
9.54,16,1,3,0,6.0,0,0,253.0
14.79,7,6,5,5,22.0,1,0,339.0
11.07,8,0,7,1,14.7,0,1,797.0
3.41,13,4,5,1,13.3,0,0,507.0
7.11,18,2,7,0,10.6,0,1,827.0
7.7,8,3,6,0,10.0,0,1,773.0
6.66,20,5,5,0,7.0,1,1,705.0
2.36,17,5,5,3,15.6,1,1,774.0
3.88,9,1,5,3,16.1,0,1,825.0
6.23,19,0,7,0,10.3,0,1,831.0
8.53,16,1,5,2,15.4,0,0,437.0
4.76,18,5,7,3,16.3,1,1,814.0
1.19,10,3,7,3,14.8,0,1,826.0
4.99,11,5,0,0,9.3,1,0,295.0
20.9,2,3,5,0,12.7,0,0,412.0
9.59,14,3,6,4,30.2,0,0,544.0
8.36,18,0,7,0,12.7,0,1,835.0
3.83,21,0,3,0,7.7,0,0,502.0
5.18,19,4,6,0,11.8,0,1,729.0
1.1,7,1,2,1,7.8,0,0,476.0
3.62,22,2,3,0,3.7,0,0,464.0
9.26,7,2,3,1,8.6,0,0,390.0
8.4,6,4,5,4,16.0,0,0,554.0
4.41,18,6,7,1,16.7,1,1,735.0
6.65,20,5,7,4,18.1,1,1,862.0
7.51,21,4,2,3,8.5,0,0,255.0
4.6,18,5,5,2,10.6,1,1,796.0
9.97,8,3,6,1,11.8,0,1,716.0
8.29,7,1,5,3,22.6,0,0,518.0
5.33,6,3,2,1,5.1,0,0,342.0
2.52,15,6,2,0,1.6,1,0,379.0
5.03,13,5,3,4,15.9,1,0,381.0
4.77,7,2,3,1,6.9,0,0,385.0
4.4,12,2,5,3,16.4,0,0,579.0
1.69,15,6,2,0,1.3,1,0,336.0
17.41,17,0,7,0,11.9,0,1,733.0
16.86,11,6,3,2,12.3,1,0,244.0
6.48,9,4,7,1,11.8,0,1,749.0
8.5,17,5,6,0,12.5,1,1,764.0
9.86,17,2,8,3,19.1,0,1,894.0
6.55,9,4,8,1,15.6,0,1,856.0
8.93,5,2,3,0,6.6,0,0,413.0
10.82,21,0,4,1,10.6,0,0,302.0
8.08,18,3,9,0,19.2,0,1,834.0
12.12,8,6,5,0,7.6,1,1,620.0
4.28,15,1,3,0,9.9,0,0,473.0
7.11,16,1,2,0,2.1,0,0,272.0
33.76,7,6,5,5,22.7,1,0,399.0
14.03,8,6,5,0,8.5,1,1,740.0
8.21,21,5,4,2,10.2,1,0,251.0
3.35,13,6,3,1,6.5,1,0,333.0
7.37,8,6,6,0,9.8,1,1,714.0
13.42,18,6,8,4,26.2,1,1,851.0
11.64,12,6,1,0,8.7,1,0,122.0
1.31,16,5,3,1,14.1,1,0,385.0
1.76,9,2,7,2,23.5,0,1,873.0
1.84,6,3,4,2,13.9,0,0,466.0
9.96,8,2,6,0,9.7,0,1,886.0
1.86,22,3,3,3,9.1,0,0,452.0
3.22,16,4,4,4,21.5,0,0,555.0
6.38,19,1,7,0,11.4,0,1,794.0
14.89,5,0,5,1,18.5,0,0,457.0
10.29,18,4,7,0,10.1,0,1,813.0
5.82,13,6,2,0,5.5,1,0,340.0
12.35,17,6,5,0,7.7,1,1,591.0
24.82,10,0,8,0,14.3,0,1,754.0
7.42,16,4,4,1,8.7,0,0,440.0
2.38,6,3,3,0,3.2,0,0,304.0
3.32,6,2,4,0,6.2,0,0,368.0
3.29,18,4,7,0,11.3,0,1,869.0
3.95,7,2,2,0,6.9,0,0,361.0
5.52,3,6,2,1,5.1,1,0,457.0
8.7,20,6,5,1,13.4,1,1,743.0
2.05,9,4,6,0,11.3,0,1,830.0
2.43,15,3,0,0,7.4,0,0,452.0
10.76,19,4,7,0,10.2,0,1,825.0
4.79,18,6,6,1,16.1,1,1,740.0
3.6,6,2,3,0,11.1,0,0,336.0
6.0,15,6,2,2,12.4,1,0,374.0
16.6,14,4,6,1,14.3,0,0,524.0
11.77,10,0,8,0,13.8,0,1,767.0
11.23,18,5,5,0,8.2,1,1,535.0
20.39,21,1,4,0,11.6,0,0,301.0
8.99,7,3,1,0,1.9,0,0,439.0
21.59,7,6,3,0,5.9,1,0,239.0
22.69,18,5,6,4,22.5,1,1,797.0
2.12,12,4,4,0,10.1,0,0,444.0
1.59,18,0,7,0,12.7,0,1,797.0
3.11,7,6,3,3,18.0,1,0,524.0
15.54,6,2,4,4,14.5,0,0,429.0
6.1,17,0,8,0,13.1,0,1,811.0
5.54,23,6,2,1,4.4,1,0,326.0
12.58,7,1,4,0,9.5,0,0,376.0
4.6,19,2,6,2,16.2,0,1,881.0
8.2,10,0,7,1,12.3,0,1,837.0
10.75,4,4,3,0,7.1,0,0,406.0
3.36,13,6,0,0,0.2,1,0,208.0
2.73,9,3,8,0,11.1,0,1,735.0
7.39,17,6,8,2,16.4,1,1,718.0
8.08,9,6,6,0,9.0,1,1,634.0
11.93,13,6,4,1,9.9,1,0,340.0
3.04,8,1,8,0,12.5,0,1,789.0
4.05,18,1,6,2,16.5,0,1,749.0
22.55,20,2,6,0,10.4,0,1,639.0
13.82,11,4,5,3,17.1,0,0,494.0
6.53,12,6,2,0,5.8,1,0,325.0
15.29,22,2,3,0,7.4,0,0,327.0
3.05,7,4,2,0,5.9,0,0,366.0
5.98,18,1,7,1,11.5,0,1,854.0
8.03,15,3,3,0,3.8,0,0,389.0
5.47,19,5,6,0,11.7,1,1,770.0
5.62,9,2,7,0,12.5,0,1,799.0
11.53,9,1,5,0,13.6,0,1,699.0
13.95,9,2,8,2,17.9,0,1,898.0
5.04,4,5,4,0,7.0,1,0,312.0
2.23,8,6,6,2,17.0,1,1,710.0
1.81,23,4,6,3,16.6,0,0,595.0
0.98,8,4,6,1,12.4,0,1,912.0
20.17,5,2,5,0,11.3,0,0,394.0
11.57,9,6,5,1,19.4,1,1,630.0
9.9,11,6,3,3,13.3,1,0,443.0
4.54,14,6,2,0,2.1,1,0,304.0
4.51,6,6,2,0,2.5,1,0,296.0
14.25,18,3,6,0,9.5,0,1,718.0
1.6,18,6,3,0,5.4,1,1,711.0
5.21,8,4,7,0,9.4,0,1,734.0
15.62,18,4,7,0,13.2,0,1,693.0
5.2,10,4,7,1,16.0,0,1,948.0
11.17,11,1,5,0,8.6,0,0,364.0
6.72,20,5,5,0,7.7,1,1,720.0
0.5,19,2,8,4,18.1,0,1,1000.0
6.51,10,4,6,0,9.3,0,1,789.0
7.5,13,5,2,0,2.8,1,0,218.0
6.14,9,0,7,0,19.7,0,1,865.0
2.61,14,2,6,0,14.3,0,0,573.0
6.19,17,6,6,1,10.0,1,1,725.0
1.05,7,2,4,0,10.5,0,0,404.0
5.16,20,4,9,3,18.6,0,1,925.0
11.78,17,3,6,3,16.1,0,1,732.0
19.46,7,6,3,0,8.5,1,0,194.0
17.4,19,3,9,2,20.2,0,1,827.0
2.98,18,2,7,1,13.0,0,1,839.0
1.89,9,0,8,3,21.2,0,1,839.0
8.03,14,3,2,0,2.3,0,0,372.0
7.15,19,4,7,1,18.5,0,1,865.0
10.61,21,4,3,0,8.1,0,0,368.0
4.23,9,5,6,0,18.4,1,1,595.0
7.31,17,5,8,3,17.8,1,1,793.0
7.02,19,3,9,0,14.6,0,1,953.0
5.3,22,0,2,0,3.0,0,0,399.0
1.48,6,1,2,0,3.4,0,0,390.0
11.66,13,2,4,3,14.1,0,0,431.0
8.07,19,6,4,0,7.6,1,1,673.0
12.22,0,5,1,0,1.8,1,0,241.0
14.24,12,6,2,1,12.3,1,0,325.0
6.58,15,6,3,0,7.6,1,0,241.0
11.71,14,0,3,0,10.5,0,0,390.0
19.75,17,0,9,1,16.6,0,1,779.0
23.94,6,4,8,4,23.3,0,0,534.0
8.79,18,1,8,2,16.5,0,1,735.0
9.28,9,6,7,0,15.2,1,1,686.0
8.68,18,3,5,0,7.7,0,1,777.0
10.35,11,0,4,2,12.6,0,0,483.0
13.83,6,1,4,0,8.6,0,0,384.0
8.55,21,2,5,2,12.9,0,0,339.0
23.06,18,0,9,0,17.5,0,1,819.0
20.98,10,2,8,3,22.0,0,1,923.0
7.48,9,3,6,0,12.2,0,1,731.0
7.45,15,6,4,4,13.8,1,0,370.0
4.99,22,4,3,0,8.5,0,0,455.0
10.74,9,0,6,2,13.3,0,1,848.0
5.67,21,2,3,0,3.9,0,0,456.0
4.81,9,5,5,1,9.5,1,1,752.0
10.58,17,2,8,0,14.1,0,1,717.0
2.84,10,3,5,0,8.8,0,1,745.0
13.99,7,6,3,0,9.7,1,0,318.0
10.88,20,0,8,0,16.7,0,1,810.0
20.27,8,3,8,4,24.1,0,1,873.0
8.9,21,4,5,2,13.7,0,0,461.0
12.05,7,5,4,2,10.6,1,0,311.0
13.13,9,5,6,0,9.1,1,1,642.0
16.5,20,2,7,0,12.8,0,1,693.0
8.21,17,3,6,0,9.4,0,1,726.0
4.96,8,5,6,0,8.3,1,1,687.0
9.05,15,5,2,1,10.0,1,0,296.0
13.98,8,5,7,2,16.5,1,1,755.0
15.23,19,4,7,0,17.1,0,1,762.0
1.5,6,1,4,0,9.8,0,0,545.0
37.15,14,2,7,0,20.4,0,0,444.0
4.83,6,4,2,0,8.7,0,0,360.0
12.19,17,1,7,0,14.1,0,1,795.0
17.73,20,4,5,0,9.0,0,1,780.0
6.98,19,3,8,0,13.8,0,1,786.0
15.63,10,3,7,0,11.6,0,1,716.0
1.48,8,2,7,2,14.0,0,1,937.0
16.01,7,5,5,5,19.0,1,0,446.0
14.73,19,3,7,0,11.1,0,1,827.0
9.86,7,2,3,0,12.4,0,0,416.0
14.01,16,2,5,0,7.7,0,0,385.0
21.35,10,3,9,2,20.3,0,1,744.0
18.1,23,4,5,1,10.6,0,0,413.0
7.29,13,6,2,1,7.8,1,0,375.0
8.99,14,2,3,1,9.9,0,0,482.0
6.39,20,1,8,4,20.4,0,1,967.0
5.78,21,6,3,0,3.5,1,0,346.0
13.08,15,1,4,0,11.3,0,0,530.0
6.34,18,6,4,0,5.4,1,1,547.0
13.06,16,0,4,0,9.8,0,0,406.0
6.98,11,2,2,0,2.3,0,0,305.0
7.75,6,6,3,3,9.8,1,0,444.0
3.82,17,1,7,1,14.1,0,1,802.0
12.83,17,1,7,4,20.6,0,1,917.0
1.39,7,4,4,4,14.3,0,0,488.0
16.41,8,1,9,1,18.1,0,1,852.0
28.89,17,0,10,3,29.6,0,1,844.0
7.95,7,4,7,2,13.9,0,0,509.0
7.7,17,6,6,0,12.6,1,1,711.0
1.93,17,5,6,1,10.1,1,1,779.0
5.07,10,6,7,4,18.0,1,1,787.0
14.11,9,3,7,2,14.9,0,1,859.0
15.47,10,4,9,2,25.4,0,1,929.0
8.7,10,6,7,0,15.8,1,1,689.0
13.56,16,3,6,3,16.3,0,0,601.0
3.88,18,0,5,0,9.0,0,1,814.0
10.17,19,1,8,1,16.5,0,1,806.0
19.23,5,4,4,1,11.5,0,0,421.0
11.57,17,6,6,1,12.4,1,1,749.0
21.14,9,4,9,0,16.0,0,1,820.0
21.56,19,2,6,1,15.4,0,1,753.0
10.63,6,2,6,0,12.4,0,0,240.0
0.5,14,4,4,0,5.9,0,0,379.0
15.25,14,6,2,0,4.3,1,0,281.0
2.59,9,1,7,1,19.8,0,1,799.0
0.5,22,3,2,0,1.5,0,0,419.0
1.18,7,2,2,0,2.6,0,0,442.0
15.97,7,1,5,3,14.9,0,0,448.0
10.69,17,2,6,0,10.8,0,1,656.0
8.87,13,0,4,3,13.0,0,0,419.0
11.41,9,3,7,0,10.3,0,1,817.0
1.27,9,0,5,0,7.6,0,1,853.0
6.37,8,3,6,2,16.5,0,1,702.0
4.45,19,6,4,0,13.8,1,1,678.0
8.38,15,1,7,4,20.6,0,0,468.0
8.6,8,1,7,0,10.4,0,1,794.0
11.08,11,5,4,2,10.4,1,0,332.0
12.25,20,6,6,0,14.3,1,1,817.0
1.34,19,6,7,3,25.5,1,1,786.0
6.44,6,0,5,0,8.8,0,0,500.0
7.58,17,1,7,1,12.1,0,1,873.0
2.52,7,6,4,0,6.9,1,0,330.0
2.27,8,3,7,2,17.6,0,1,874.0
1.19,19,5,6,0,8.2,1,1,707.0
1.97,19,0,7,0,11.1,0,1,776.0
13.5,7,0,3,1,6.8,0,0,328.0
1.6,19,1,6,0,7.8,0,1,770.0
1.9,17,0,5,2,10.1,0,1,741.0
8.13,18,6,6,1,17.5,1,1,688.0
10.14,18,5,5,0,11.2,1,1,646.0
7.4,13,2,4,2,11.5,0,0,461.0
3.0,21,0,3,0,5.9,0,0,435.0
2.32,8,0,7,1,11.2,0,1,821.0
7.96,13,1,2,0,2.4,0,0,311.0
6.8,9,5,7,0,10.1,1,1,731.0
5.54,18,5,7,2,13.7,1,1,798.0
13.1,7,3,5,4,20.1,0,0,468.0
6.47,12,6,5,4,14.7,1,0,362.0
2.13,18,6,7,2,21.0,1,1,761.0
5.57,9,5,6,0,17.8,1,1,705.0
10.96,8,0,6,0,10.2,0,1,828.0
6.17,9,6,8,0,22.1,1,1,804.0
10.82,17,6,7,1,15.7,1,1,718.0
12.34,9,3,5,0,9.6,0,1,847.0
6.49,11,4,6,5,18.6,0,0,553.0
7.38,14,5,2,0,3.9,1,0,359.0
5.87,21,4,3,0,3.9,0,0,463.0
10.99,18,2,7,3,20.6,0,1,919.0
5.73,8,4,7,0,11.5,0,1,824.0
10.25,19,5,4,0,11.3,1,1,647.0
8.7,19,0,7,1,12.1,0,1,807.0
1.17,18,4,8,4,24.7,0,1,990.0
10.65,14,1,3,0,8.8,0,0,335.0
8.13,6,4,3,0,4.2,0,0,364.0
16.85,17,0,8,0,15.4,0,1,884.0
2.63,14,6,1,1,16.1,1,0,366.0
8.8,9,4,6,0,12.1,0,1,832.0
5.1,1,3,2,1,4.5,0,0,317.0
1.33,8,3,5,0,10.5,0,1,760.0
0.91,16,4,5,4,15.8,0,0,559.0
19.11,7,0,5,1,11.7,0,0,401.0
8.82,17,3,6,1,11.4,0,1,713.0
6.32,18,5,6,0,16.5,1,1,755.0
1.77,9,1,6,0,7.6,0,1,857.0
18.37,7,3,2,0,3.8,0,0,298.0
4.08,7,2,4,1,23.3,0,0,535.0
9.12,10,1,8,0,20.8,0,1,957.0
7.9,18,6,3,0,6.8,1,1,710.0
24.13,16,4,6,0,14.6,0,0,379.0
7.24,19,2,6,0,9.5,0,1,708.0
4.85,23,2,1,0,1.7,0,0,365.0
8.92,8,4,7,1,24.3,0,1,984.0
9.62,17,0,8,2,18.7,0,1,935.0
35.1,12,3,4,0,9.4,0,0,292.0
7.15,13,1,5,2,11.4,0,0,564.0
2.55,9,6,7,0,15.6,1,1,811.0
5.54,10,5,8,5,21.0,1,1,718.0
8.91,17,5,9,1,15.6,1,1,826.0
10.09,16,1,5,0,7.1,0,0,423.0
1.6,9,0,7,1,11.8,0,1,786.0
5.03,7,3,4,0,4.8,0,0,419.0
23.23,15,2,4,0,10.2,0,0,373.0
3.42,18,5,5,0,7.3,1,1,629.0
13.31,15,4,7,5,25.8,0,0,556.0
5.69,0,2,4,3,13.9,0,0,460.0
7.47,9,1,6,1,14.4,0,1,849.0
1.82,18,2,9,3,21.1,0,1,911.0
6.13,18,3,8,0,15.3,0,1,730.0
8.83,1,1,2,1,12.0,0,0,369.0
7.22,12,2,4,0,13.2,0,0,372.0
6.43,12,1,4,0,8.3,0,0,340.0
11.03,17,0,9,3,20.2,0,1,956.0
2.32,7,4,4,3,12.7,0,0,540.0
9.12,16,6,5,3,18.6,1,0,349.0
0.82,21,6,2,1,5.6,1,0,247.0
15.85,10,6,6,0,9.7,1,1,640.0
6.6,10,4,6,2,13.2,0,1,736.0
12.71,5,5,0,0,1.4,1,0,192.0
0.5,6,0,4,3,12.0,0,0,502.0
11.51,20,1,7,0,17.0,0,1,813.0
3.96,22,4,4,2,17.3,0,0,504.0
7.51,0,6,4,2,10.3,1,0,310.0
11.64,20,6,7,0,11.9,1,1,694.0
7.0,8,4,6,0,9.3,0,1,851.0
10.7,15,0,3,0,6.5,0,0,250.0
5.76,17,6,3,0,6.2,1,1,646.0
16.68,10,2,7,3,18.8,0,1,749.0
6.58,14,0,2,0,3.2,0,0,450.0
6.69,16,5,3,0,3.9,1,0,345.0
6.78,8,1,6,0,8.1,0,1,819.0
7.35,23,2,3,0,5.9,0,0,337.0
2.43,8,4,6,0,7.7,0,1,806.0
3.32,1,6,2,3,13.5,1,0,386.0
13.99,21,6,4,2,10.3,1,0,186.0
12.71,12,1,5,3,17.6,0,0,486.0
12.16,11,1,5,0,9.0,0,0,449.0
10.04,9,5,3,0,12.5,1,1,541.0
4.93,5,2,4,0,10.3,0,0,467.0
4.54,9,0,6,0,17.6,0,1,816.0
7.13,11,4,3,0,6.6,0,0,475.0
15.45,14,4,5,0,15.3,0,0,392.0
8.47,12,6,2,1,4.5,1,0,296.0
3.18,19,3,7,0,9.8,0,1,832.0
1.96,20,5,4,1,9.1,1,1,516.0
12.98,9,3,7,1,16.0,0,1,778.0
18.7,21,6,2,2,11.6,1,0,280.0
1.52,19,3,6,0,7.2,0,1,651.0
13.27,20,4,8,2,16.7,0,1,873.0
9.88,17,6,7,0,18.0,1,1,721.0
3.84,8,6,4,0,6.3,1,1,658.0
8.55,8,2,6,0,14.6,0,1,827.0
2.74,20,3,6,0,8.4,0,1,766.0
6.21,13,4,3,0,6.0,0,0,397.0
7.42,19,0,6,2,14.6,0,1,868.0
16.58,17,1,6,2,17.2,0,1,786.0
5.98,8,4,5,0,23.1,0,1,692.0
4.21,10,0,6,0,7.9,0,1,786.0
9.36,21,4,3,0,4.8,0,0,380.0
10.9,5,3,6,5,23.6,0,0,604.0
4.08,17,3,7,0,10.1,0,1,787.0
3.07,22,5,1,0,0.1,1,0,206.0
3.31,7,1,1,0,4.3,0,0,308.0
16.62,9,5,7,2,20.3,1,1,807.0
10.58,14,5,2,0,2.8,1,0,274.0
5.68,19,6,5,0,13.5,1,1,768.0
14.83,13,5,4,0,7.0,1,0,378.0
4.05,6,3,5,2,10.5,0,0,437.0
6.92,7,2,3,0,5.1,0,0,339.0
2.69,10,5,7,4,19.9,1,1,802.0
14.4,9,6,8,3,25.6,1,1,815.0
3.79,8,1,6,1,12.1,0,1,727.0
3.86,19,2,7,4,22.1,0,1,928.0
9.51,5,3,4,2,10.7,0,0,464.0
0.73,18,0,5,0,7.9,0,1,713.0
2.18,20,2,7,2,16.1,0,1,797.0
11.9,16,1,4,1,12.6,0,0,447.0
3.26,16,5,2,1,9.2,1,0,447.0
29.18,7,3,5,1,12.8,0,0,343.0
8.24,15,4,6,2,13.2,0,0,508.0
1.4,10,0,9,3,32.2,0,1,928.0
19.31,8,4,7,0,18.1,0,1,778.0
8.23,15,5,3,1,11.2,1,0,287.0
6.33,0,4,5,1,9.6,0,0,439.0
8.21,9,5,6,3,14.3,1,1,883.0
1.39,17,0,5,0,7.2,0,1,782.0
7.09,12,3,4,0,6.8,0,0,317.0
3.47,7,3,4,0,6.4,0,0,464.0
6.77,0,6,3,0,3.6,1,0,362.0
5.04,9,4,7,0,11.4,0,1,848.0
7.91,14,6,1,0,3.8,1,0,243.0
5.68,14,0,2,0,3.5,0,0,316.0
4.79,7,3,4,3,12.1,0,0,425.0
3.15,16,4,4,0,14.8,0,0,441.0
1.46,23,0,2,0,3.0,0,0,366.0
1.14,15,4,2,2,7.6,0,0,398.0
2.25,14,1,3,0,2.9,0,0,475.0
11.28,16,0,4,2,11.7,0,0,490.0
2.99,19,4,5,2,11.8,0,1,886.0
4.17,21,2,3,0,3.2,0,0,348.0
4.2,6,2,3,0,11.4,0,0,364.0
5.1,8,2,8,0,12.5,0,1,833.0
9.98,7,4,4,0,6.6,0,0,422.0
5.64,18,4,8,1,18.6,0,1,863.0
12.75,6,4,4,0,10.1,0,0,416.0
2.27,20,5,4,0,4.5,1,1,750.0
11.86,5,4,3,0,12.2,0,0,374.0
17.84,16,0,5,0,8.9,0,0,435.0
7.02,9,1,7,0,10.6,0,1,827.0
2.8,12,6,1,1,11.2,1,0,319.0
10.12,12,2,2,0,2.8,0,0,395.0
7.12,18,2,6,2,13.3,0,1,768.0
8.91,13,2,6,3,18.2,0,0,456.0
13.0,11,6,1,2,5.9,1,0,291.0
5.3,17,5,6,0,8.6,1,1,592.0
4.66,20,3,7,0,10.7,0,1,838.0
32.86,18,4,8,1,18.0,0,1,666.0
10.21,18,3,7,1,15.0,0,1,900.0
14.54,13,4,7,5,21.5,0,0,521.0
12.49,20,6,6,0,12.6,1,1,757.0
14.66,13,4,2,0,10.3,0,0,338.0
9.12,20,0,5,0,10.6,0,1,736.0
13.5,18,3,7,4,31.3,0,1,937.0
4.19,7,5,4,1,7.0,1,0,366.0
1.42,6,0,6,3,14.9,0,0,534.0
3.34,18,2,8,2,19.1,0,1,860.0
6.36,17,1,8,4,19.6,0,1,877.0
5.74,16,5,1,1,2.9,1,0,416.0
7.15,22,0,4,4,13.1,0,0,385.0
3.99,14,4,3,3,10.7,0,0,388.0
0.86,10,0,8,3,20.4,0,1,984.0
5.19,15,6,5,4,14.7,1,0,493.0
2.01,5,2,5,1,10.3,0,0,421.0
6.92,15,2,4,2,16.6,0,0,364.0
9.43,20,5,3,1,9.8,1,1,711.0
5.11,0,2,3,2,15.6,0,0,393.0
2.64,19,0,9,2,16.0,0,1,867.0
7.42,18,6,6,2,19.4,1,1,747.0
34.01,7,0,4,0,11.3,0,0,238.0
10.2,19,3,7,2,14.9,0,1,878.0
10.74,18,0,7,3,16.6,0,1,841.0
4.69,13,4,2,1,4.4,0,0,339.0
3.56,8,1,9,0,12.7,0,1,806.0
14.69,9,6,9,3,20.0,1,1,856.0
0.52,16,1,3,2,9.1,0,0,440.0
3.89,8,4,4,0,17.0,0,1,812.0
20.5,9,0,8,1,16.5,0,1,785.0
6.61,20,0,7,1,13.3,0,1,715.0
1.62,17,1,7,1,11.3,0,1,881.0
9.63,18,6,6,0,10.8,1,1,741.0
5.13,21,6,1,0,1.2,1,0,369.0
1.25,0,4,6,3,15.3,0,0,426.0
8.38,8,2,8,4,20.2,0,1,703.0
7.51,17,2,7,0,13.6,0,1,841.0
7.19,12,1,4,3,11.8,0,0,431.0
10.1,7,2,5,0,7.1,0,0,330.0
2.48,18,3,4,0,7.4,0,1,759.0
9.0,6,4,5,2,11.3,0,0,434.0
7.91,14,1,2,0,4.8,0,0,288.0
14.48,15,0,4,0,7.3,0,0,374.0
3.84,16,3,6,4,17.7,0,0,584.0
16.2,9,1,7,1,13.0,0,1,787.0
12.35,5,2,3,0,4.5,0,0,373.0
6.41,19,4,6,0,8.3,0,1,801.0
7.19,20,6,5,1,10.2,1,1,581.0
0.58,13,3,2,1,4.6,0,0,408.0
7.04,5,6,2,0,2.6,1,0,287.0
11.77,15,1,4,0,9.0,0,0,373.0
5.68,9,4,7,1,12.0,0,1,771.0
14.46,8,6,5,1,10.2,1,1,605.0
9.75,8,1,7,4,18.4,0,1,846.0
24.59,8,5,6,0,23.7,1,1,703.0
4.07,9,3,7,3,17.1,0,1,963.0
11.01,9,6,7,5,23.0,1,1,875.0
2.06,19,2,6,0,8.8,0,1,701.0
6.09,13,6,2,0,5.2,1,0,228.0
10.15,11,5,2,1,5.7,1,0,321.0
11.49,7,4,5,3,14.4,0,0,552.0
5.34,19,0,6,0,12.3,0,1,733.0
15.51,6,0,4,0,9.3,0,0,391.0
17.76,8,4,9,1,17.3,0,1,750.0
4.11,16,3,3,2,9.7,0,0,459.0
6.24,17,2,4,0,10.1,0,1,706.0
5.75,18,5,5,0,9.3,1,1,683.0
4.69,11,3,2,0,5.6,0,0,309.0
17.04,10,3,6,4,19.5,0,1,718.0
16.91,9,2,9,1,16.1,0,1,1000.0
5.9,15,6,3,0,7.3,1,0,314.0
10.98,10,2,9,3,20.1,0,1,1000.0
14.35,9,1,7,1,14.4,0,1,879.0
8.47,4,4,5,3,16.5,0,0,395.0
5.56,21,0,3,0,3.7,0,0,412.0
3.87,6,4,4,0,5.2,0,0,343.0
11.7,9,3,7,0,10.4,0,1,757.0
2.24,20,1,6,0,9.9,0,1,685.0
5.68,18,5,7,3,17.2,1,1,680.0
4.94,15,0,5,1,9.4,0,0,409.0
2.1,17,6,5,0,8.8,1,1,654.0
6.62,7,5,2,2,6.7,1,0,317.0
6.14,18,1,7,1,17.1,0,1,771.0
3.21,8,3,7,1,11.4,0,1,839.0
16.61,21,1,4,0,7.6,0,0,438.0
11.76,8,4,9,5,24.4,0,1,939.0
7.28,16,2,3,1,8.6,0,0,407.0
13.0,14,3,5,3,13.5,0,0,484.0
15.1,7,6,2,2,8.5,1,0,195.0
17.11,10,4,7,1,15.8,0,1,838.0
4.05,18,6,4,0,4.7,1,1,576.0
12.99,8,4,8,1,15.4,0,1,909.0
6.16,21,3,5,0,17.2,0,0,510.0
8.26,9,0,7,4,19.4,0,1,906.0
4.23,16,0,3,0,3.3,0,0,431.0
7.02,16,3,3,0,8.8,0,0,399.0
13.12,12,3,5,1,21.4,0,0,412.0
19.99,17,3,8,1,15.6,0,1,728.0
6.52,18,5,5,1,11.9,1,1,795.0
3.3,16,0,4,2,15.3,0,0,487.0
21.92,15,4,5,2,14.5,0,0,346.0
3.92,16,5,5,3,14.2,1,0,448.0
1.46,11,4,2,0,1.3,0,0,404.0
4.51,6,1,4,1,19.6,0,0,455.0
0.66,8,2,8,3,19.4,0,1,857.0
14.61,16,0,4,0,8.4,0,0,426.0
3.7,20,1,6,0,8.1,0,1,842.0
2.59,5,5,3,0,6.9,1,0,342.0
7.71,14,4,2,2,6.7,0,0,404.0
19.99,9,6,5,1,11.4,1,1,581.0
9.87,15,4,4,0,5.8,0,0,424.0
2.2,18,1,5,0,6.9,0,1,733.0
26.93,18,5,5,0,9.9,1,1,502.0
9.07,17,4,6,0,10.5,0,1,836.0
13.64,18,1,6,0,13.3,0,1,695.0
1.76,6,0,5,2,16.7,0,0,396.0
24.05,13,5,6,4,21.0,1,0,457.0
5.26,9,5,6,2,12.3,1,1,625.0
1.61,20,0,9,3,19.3,0,1,901.0
8.39,18,3,7,5,21.3,0,1,826.0
13.63,7,6,3,2,10.2,1,0,268.0
10.94,8,5,7,1,20.4,1,1,865.0
10.8,12,5,4,2,10.9,1,0,338.0
10.27,21,2,6,1,15.6,0,0,494.0
7.85,7,0,3,0,5.8,0,0,434.0
1.75,15,2,4,0,10.5,0,0,407.0
6.09,10,4,6,1,12.9,0,1,868.0
5.46,17,5,7,3,22.7,1,1,814.0
17.15,17,4,9,1,18.0,0,1,868.0
14.62,8,0,6,0,12.0,0,1,705.0
4.91,18,4,5,1,16.4,0,1,828.0
12.2,7,1,7,2,14.8,0,0,493.0
6.77,18,4,8,2,17.5,0,1,932.0
1.46,8,2,6,0,10.7,0,1,771.0
0.59,15,3,3,0,6.2,0,0,542.0
11.23,10,4,4,0,7.8,0,1,735.0
2.9,16,4,5,3,16.5,0,0,511.0
2.88,9,0,6,0,7.7,0,1,774.0
4.01,15,6,3,3,14.4,1,0,381.0
11.4,1,4,4,0,9.6,0,0,362.0
14.76,10,3,5,5,20.8,0,1,866.0
14.55,18,2,7,0,14.4,0,1,773.0
1.28,12,0,4,2,10.7,0,0,593.0
3.87,13,4,4,2,8.9,0,0,433.0
3.36,16,2,4,2,9.9,0,0,457.0
11.39,12,6,3,2,14.1,1,0,307.0
3.92,19,4,7,0,10.0,0,1,921.0
6.4,11,3,4,0,7.3,0,0,328.0
12.11,21,0,4,0,5.9,0,0,391.0
7.36,19,3,7,1,15.9,0,1,843.0
9.04,11,5,5,1,10.6,1,0,287.0
6.23,10,3,6,0,12.5,0,1,946.0
13.75,17,4,7,2,18.0,0,1,760.0
14.68,18,0,9,0,18.3,0,1,823.0
10.27,8,2,7,0,12.1,0,1,887.0
14.72,8,5,7,0,13.2,1,1,657.0
32.64,7,2,6,2,16.4,0,0,397.0
11.97,18,6,5,0,26.5,1,1,675.0
6.94,17,2,9,3,25.6,0,1,916.0
9.19,8,5,6,1,12.7,1,1,764.0
15.72,14,4,3,1,9.3,0,0,350.0
5.21,18,6,5,0,7.3,1,1,509.0
4.88,21,3,3,2,13.7,0,0,449.0
9.08,8,3,9,3,19.8,0,1,896.0
6.84,9,2,9,1,16.1,0,1,875.0
3.33,10,4,8,0,13.1,0,1,827.0
8.11,16,6,2,0,5.2,1,0,223.0
17.88,7,1,3,0,5.2,0,0,324.0
10.03,8,6,6,0,12.6,1,1,787.0
2.76,18,6,5,2,10.6,1,1,715.0
11.16,14,5,5,0,11.4,1,0,373.0
5.83,8,4,9,2,20.2,0,1,832.0
25.97,11,6,3,0,11.1,1,0,213.0
10.56,7,1,5,1,11.8,0,0,382.0
4.48,10,4,8,4,19.8,0,1,987.0
11.74,11,5,1,0,6.2,1,0,150.0
8.53,7,5,0,0,10.6,1,0,276.0
16.77,6,4,4,1,9.0,0,0,408.0
4.86,19,2,6,0,10.8,0,1,805.0
10.54,19,6,7,2,14.6,1,1,590.0
1.75,0,4,4,3,13.3,0,0,375.0
7.85,16,5,4,2,11.7,1,0,367.0
2.69,7,4,6,5,17.9,0,0,514.0
8.33,18,6,4,0,8.4,1,1,601.0
9.68,19,3,8,0,11.7,0,1,780.0
10.26,16,3,3,0,4.3,0,0,308.0
4.86,16,5,3,1,9.5,1,0,261.0
8.03,10,3,8,0,11.6,0,1,813.0
15.42,8,1,8,0,14.4,0,1,673.0
21.41,13,5,5,5,20.3,1,0,354.0
8.23,7,2,4,0,11.2,0,0,379.0
15.7,17,0,8,0,13.2,0,1,782.0
3.58,12,2,2,0,3.8,0,0,525.0
5.47,8,0,5,0,6.4,0,1,696.0
8.88,15,6,2,0,2.6,1,0,288.0
6.88,18,6,4,0,6.3,1,1,653.0
6.35,15,1,3,0,6.2,0,0,428.0
14.63,14,6,3,2,19.8,1,0,323.0
3.1,19,4,6,0,10.1,0,1,881.0
3.38,1,6,3,2,9.6,1,0,397.0
2.31,16,1,5,2,10.1,0,0,530.0
9.08,11,0,5,2,14.7,0,0,386.0
5.82,8,6,6,3,19.2,1,1,767.0
13.7,22,1,3,0,13.9,0,0,353.0
8.53,11,4,3,0,4.9,0,0,329.0
4.77,10,6,5,0,8.1,1,1,635.0
4.2,8,2,9,0,14.8,0,1,854.0
0.6,23,0,2,2,6.0,0,0,457.0
6.57,19,5,5,1,8.6,1,1,739.0
2.73,6,3,2,0,1.9,0,0,435.0
14.86,15,0,4,0,7.6,0,0,395.0
5.61,7,2,5,3,14.1,0,0,502.0
1.94,17,3,6,1,9.4,0,1,792.0
16.84,13,6,4,0,12.2,1,0,278.0
6.64,7,1,5,3,12.9,0,0,444.0
11.11,15,3,5,2,11.7,0,0,427.0
4.82,20,1,8,0,13.3,0,1,853.0
17.22,10,2,5,0,10.0,0,1,805.0
3.74,6,1,4,1,7.9,0,0,434.0
5.82,21,3,2,0,2.0,0,0,317.0
1.37,7,4,6,5,18.7,0,0,636.0
16.94,13,0,5,2,16.0,0,0,320.0
4.35,14,0,4,1,6.7,0,0,499.0
9.23,8,5,4,1,7.4,1,1,561.0
10.16,8,2,10,5,27.5,0,1,996.0
15.16,7,4,2,0,4.4,0,0,302.0
8.74,6,0,4,0,14.9,0,0,447.0
6.94,13,4,3,2,7.6,0,0,549.0
14.15,19,6,6,0,11.6,1,1,609.0
10.04,7,3,6,1,17.3,0,0,419.0
6.17,17,4,10,1,16.4,0,1,890.0
17.44,11,2,2,0,4.8,0,0,413.0
10.59,6,2,3,0,8.4,0,0,392.0
2.52,14,0,3,2,13.8,0,0,465.0
19.51,9,3,10,0,19.3,0,1,830.0
4.72,16,6,2,0,4.7,1,0,229.0
15.12,10,0,8,0,16.3,0,1,806.0
1.98,17,2,7,0,11.9,0,1,799.0
14.09,20,5,5,1,10.1,1,1,730.0
2.66,8,3,7,5,20.7,0,1,964.0
8.58,20,5,6,2,17.2,1,1,650.0
10.38,8,2,10,1,19.3,0,1,858.0
6.27,6,4,4,0,6.2,0,0,444.0
7.56,8,6,9,5,25.0,1,1,794.0
3.2,18,4,6,3,20.1,0,1,801.0
13.12,17,5,6,2,13.7,1,1,670.0
8.91,22,4,4,0,7.9,0,0,426.0
3.72,17,0,5,0,16.3,0,1,854.0
9.15,11,1,3,0,7.4,0,0,399.0
9.35,19,4,6,0,10.3,0,1,915.0
7.82,21,2,4,0,6.4,0,0,365.0
0.61,18,3,8,3,16.1,0,1,946.0
5.6,15,3,4,0,8.2,0,0,355.0
12.99,18,5,7,0,15.2,1,1,790.0
10.79,8,6,7,3,19.9,1,1,841.0
10.56,20,6,8,4,20.0,1,1,835.0
8.86,23,0,3,0,5.4,0,0,276.0
14.0,17,5,6,0,11.8,1,1,703.0
4.7,8,5,4,2,12.0,1,1,646.0
3.93,7,6,3,5,15.9,1,0,441.0
22.7,21,2,7,1,15.5,0,0,347.0
4.31,19,3,7,0,9.6,0,1,822.0
2.44,18,3,7,1,13.1,0,1,817.0
6.18,21,2,3,2,9.3,0,0,385.0
8.03,13,1,2,0,6.1,0,0,404.0
14.06,19,4,7,0,18.0,0,1,784.0
5.61,8,0,8,3,20.7,0,1,881.0
5.57,8,5,8,2,15.4,1,1,817.0
7.5,13,5,3,0,3.7,1,0,406.0
4.89,9,1,7,2,17.5,0,1,871.0
2.0,12,1,4,1,7.7,0,0,342.0
2.62,18,3,7,0,9.5,0,1,719.0
16.6,6,5,1,0,5.3,1,0,223.0
12.12,17,0,5,0,7.6,0,1,790.0
7.32,7,3,6,5,18.2,0,0,558.0
10.76,19,1,7,0,21.3,0,1,842.0
12.36,8,5,5,2,14.8,1,1,683.0
4.5,18,6,3,1,7.4,1,1,708.0
3.17,15,0,5,3,12.2,0,0,541.0
15.5,10,1,9,5,30.8,0,1,863.0
0.82,9,1,8,4,20.1,0,1,953.0
10.88,6,5,3,3,12.0,1,0,250.0
8.5,10,6,5,0,7.8,1,1,682.0
14.49,8,2,6,0,15.0,0,1,741.0
11.15,7,1,3,0,4.7,0,0,378.0
10.71,18,4,8,1,13.8,0,1,841.0
3.46,8,6,5,0,6.5,1,1,691.0
12.68,8,6,5,0,10.0,1,1,728.0
9.98,10,3,7,0,11.1,0,1,786.0
3.85,12,5,4,2,11.6,1,0,389.0
8.55,13,6,1,0,5.6,1,0,336.0
2.86,17,5,5,0,9.6,1,1,800.0
6.58,15,3,3,1,11.0,0,0,420.0
28.68,13,1,5,1,15.0,0,0,339.0
3.3,11,2,6,3,18.3,0,0,512.0
1.98,9,2,7,1,20.5,0,1,890.0
2.65,17,6,8,2,16.6,1,1,778.0
6.51,9,5,5,0,16.2,1,1,584.0
11.71,19,6,5,0,10.9,1,1,717.0
7.67,15,5,3,2,7.9,1,0,380.0
2.27,16,3,3,0,3.6,0,0,473.0
11.61,13,5,4,3,15.8,1,0,450.0
1.2,20,4,7,4,23.2,0,1,928.0
2.51,11,5,2,0,3.0,1,0,309.0
4.73,11,2,3,2,14.0,0,0,513.0
15.14,19,1,8,0,15.5,0,1,719.0
7.89,16,1,1,0,7.3,0,0,333.0
8.12,12,2,4,0,8.4,0,0,407.0
2.3,9,6,4,1,6.7,1,1,731.0
5.11,8,6,8,5,22.1,1,1,805.0
13.71,18,1,6,0,9.8,0,1,703.0
9.54,9,3,6,2,15.4,0,1,783.0
11.9,0,6,3,0,10.1,1,0,319.0
7.28,5,5,0,0,0.0,1,0,223.0
13.81,22,4,4,1,13.1,0,0,326.0
2.29,15,4,5,2,15.8,0,0,430.0
6.4,13,2,6,2,13.8,0,0,507.0
10.55,20,6,5,4,15.7,1,1,736.0
1.63,10,0,6,0,7.5,0,1,795.0
0.5,18,6,7,1,11.4,1,1,724.0
22.72,17,6,7,0,12.3,1,1,688.0
7.97,13,1,6,2,13.4,0,0,512.0
1.47,18,3,9,0,13.8,0,1,887.0
7.82,21,6,2,0,4.7,1,0,297.0
2.54,8,3,8,2,19.9,0,1,986.0
3.46,4,2,3,0,8.6,0,0,353.0
15.48,18,0,5,1,14.2,0,1,722.0
4.82,11,3,5,5,18.6,0,0,524.0
4.79,14,1,1,0,0.7,0,0,424.0
2.47,8,5,5,1,8.3,1,1,675.0
5.67,19,6,6,5,19.5,1,1,743.0
8.35,17,2,8,2,18.5,0,1,854.0
4.82,21,1,2,0,2.7,0,0,379.0
26.57,13,2,3,2,15.0,0,0,429.0
3.06,22,2,5,1,11.6,0,0,452.0
3.04,13,4,3,2,9.0,0,0,404.0
5.49,16,1,3,1,5.8,0,0,356.0
24.56,17,6,5,0,10.1,1,1,569.0
12.03,13,4,6,2,13.2,0,0,625.0
4.69,15,0,4,0,8.7,0,0,450.0
4.69,8,2,7,3,27.0,0,1,934.0
2.96,10,4,5,2,11.3,0,1,809.0
5.37,17,3,10,5,23.9,0,1,976.0
6.26,6,3,5,0,11.2,0,0,493.0
11.65,17,0,8,0,11.9,0,1,831.0
10.03,9,2,6,0,10.2,0,1,784.0
5.23,9,4,6,0,8.0,0,1,779.0
18.89,17,5,6,0,16.9,1,1,633.0
4.18,8,3,6,1,10.8,0,1,831.0
1.94,21,3,2,0,2.9,0,0,391.0
8.63,23,1,7,4,23.4,0,0,691.0
14.73,12,5,2,0,5.9,1,0,310.0
7.07,11,4,2,0,2.2,0,0,320.0
2.38,7,5,4,2,8.4,1,0,304.0
8.13,18,4,6,0,8.3,0,1,742.0
8.89,8,6,4,2,11.9,1,1,611.0
9.56,20,6,5,2,11.6,1,1,662.0
8.25,23,5,2,2,10.4,1,0,260.0
16.03,7,2,4,1,11.7,0,0,379.0
2.89,17,0,7,2,23.3,0,1,862.0
0.5,12,0,7,5,21.5,0,0,617.0
1.2,14,5,1,0,5.7,1,0,277.0
2.34,8,6,5,0,14.6,1,1,649.0
13.05,17,4,9,2,20.1,0,1,934.0
5.67,8,5,6,0,13.7,1,1,728.0
19.87,19,0,7,1,19.4,0,1,746.0
2.7,12,3,4,1,7.0,0,0,392.0
19.61,16,4,3,0,9.3,0,0,256.0
3.49,20,1,5,0,7.0,0,1,673.0
6.25,18,5,9,2,21.6,1,1,870.0
1.48,14,2,2,0,1.8,0,0,441.0
17.92,11,1,4,0,7.0,0,0,327.0
6.92,12,4,3,2,10.1,0,0,513.0
27.33,10,3,9,2,26.3,0,1,853.0
15.18,21,3,3,1,7.0,0,0,383.0
6.14,9,3,8,0,13.0,0,1,877.0
3.98,11,4,5,0,12.8,0,0,498.0
13.45,18,2,8,2,17.3,0,1,843.0
7.47,10,5,5,0,8.2,1,1,647.0
3.81,19,6,6,3,16.7,1,1,757.0
7.87,8,3,7,2,14.1,0,1,734.0
0.99,5,1,3,0,3.9,0,0,363.0
9.69,16,1,4,1,8.2,0,0,525.0
11.02,13,5,5,4,21.8,1,0,372.0
2.62,20,1,7,3,17.4,0,1,767.0
16.32,11,5,5,1,17.4,1,0,397.0
14.08,7,4,3,0,8.8,0,0,382.0
9.07,9,3,6,1,19.9,0,1,829.0
3.27,11,0,4,1,10.2,0,0,442.0
11.48,15,3,4,1,12.0,0,0,475.0
5.43,9,4,5,0,9.6,0,1,856.0
8.4,14,1,4,3,12.7,0,0,433.0
12.24,20,5,4,1,9.0,1,1,676.0
1.98,11,1,2,0,4.8,0,0,459.0
1.41,17,2,6,0,8.0,0,1,761.0
5.02,8,3,7,0,9.3,0,1,892.0
24.39,18,5,5,0,9.3,1,1,655.0
28.07,9,1,7,0,13.2,0,1,635.0
9.53,15,2,5,1,9.0,0,0,534.0
14.35,9,5,8,0,13.2,1,1,628.0
7.14,6,2,2,0,6.1,0,0,331.0
7.88,9,4,8,0,18.4,0,1,875.0
6.25,8,2,7,0,9.7,0,1,859.0
15.53,19,0,5,0,9.8,0,1,725.0
20.02,9,3,6,0,10.5,0,1,682.0
7.74,22,2,1,2,5.4,0,0,362.0
7.85,13,1,4,0,12.5,0,0,401.0
6.5,8,6,4,1,7.9,1,1,711.0
20.35,11,5,3,0,5.8,1,0,215.0
13.16,8,1,10,0,15.8,0,1,799.0
3.2,19,3,8,0,14.1,0,1,753.0
23.91,7,5,2,0,9.9,1,0,182.0
0.57,19,0,6,1,9.8,0,1,812.0
19.04,6,0,6,2,20.5,0,0,394.0
14.7,9,3,6,1,13.8,0,1,663.0
7.76,7,6,3,0,5.2,1,0,353.0
7.62,17,6,8,0,12.9,1,1,668.0
6.75,13,3,6,4,20.1,0,0,465.0
3.34,20,4,8,0,11.0,0,1,926.0
22.69,10,3,9,0,15.2,0,1,826.0
7.45,6,6,1,0,0.8,1,0,308.0
3.29,18,3,9,5,23.1,0,1,987.0
21.8,15,6,3,3,13.4,1,0,377.0
10.3,18,2,8,0,11.6,0,1,855.0
10.74,11,6,1,0,2.6,1,0,217.0
25.04,18,5,8,2,21.2,1,1,639.0
11.78,8,5,7,0,18.4,1,1,631.0
4.52,23,0,3,0,3.5,0,0,386.0
11.77,8,5,5,0,9.1,1,1,578.0
3.61,18,1,6,0,9.1,0,1,741.0
5.24,8,6,4,0,8.5,1,1,645.0
9.31,18,1,7,1,12.3,0,1,889.0
14.2,19,5,6,2,14.1,1,1,604.0
4.73,19,4,6,1,14.4,0,1,816.0
6.6,13,2,4,0,6.8,0,0,338.0
6.55,12,6,3,0,4.2,1,0,264.0
15.88,19,2,8,3,19.6,0,1,899.0
7.61,15,0,2,0,6.4,0,0,320.0
23.7,16,0,5,0,12.3,0,0,354.0
5.24,8,5,5,0,10.1,1,1,685.0
4.91,12,2,6,0,11.7,0,0,513.0
18.81,10,5,6,0,21.8,1,1,636.0
11.12,17,0,7,0,11.7,0,1,857.0
32.81,8,0,8,1,18.9,0,1,710.0
18.35,11,6,3,0,7.4,1,0,283.0
2.53,19,1,10,2,18.2,0,1,910.0
7.48,14,4,3,1,9.2,0,0,456.0
9.31,19,2,8,0,13.1,0,1,933.0
8.85,8,3,8,2,18.6,0,1,841.0
6.68,12,0,6,4,18.2,0,0,538.0
8.72,13,1,1,0,2.6,0,0,311.0
9.05,11,5,5,1,11.9,1,0,324.0
4.8,17,3,7,1,22.3,0,1,813.0
15.45,7,3,4,1,10.2,0,0,396.0
21.97,14,6,4,0,8.9,1,0,213.0
12.46,7,2,4,0,6.9,0,0,342.0
10.07,16,5,1,0,3.4,1,0,53.0
7.13,18,5,3,0,4.2,1,1,698.0
9.25,5,3,5,0,10.6,0,0,529.0
9.92,12,2,5,3,14.0,0,0,518.0
3.35,13,2,2,0,3.7,0,0,330.0
14.95,17,6,5,0,9.8,1,1,556.0
5.52,6,2,5,0,17.7,0,0,374.0
19.47,11,4,3,0,5.6,0,0,372.0
8.51,18,0,8,2,17.5,0,1,932.0
15.12,14,2,5,3,14.5,0,0,467.0
12.34,18,6,4,0,6.1,1,1,666.0
2.56,10,3,7,0,9.9,0,1,841.0
18.34,20,5,7,0,11.5,1,1,612.0
4.15,6,1,5,5,16.7,0,0,602.0
5.24,7,5,2,0,9.6,1,0,358.0
5.61,14,6,2,0,17.6,1,0,264.0
1.75,12,6,2,0,5.2,1,0,352.0
8.8,16,3,6,0,9.3,0,0,437.0
15.75,8,4,7,0,11.9,0,1,745.0
19.16,8,6,7,4,26.3,1,1,778.0
6.68,18,5,5,0,12.6,1,1,699.0
7.56,9,6,4,0,10.0,1,1,701.0
12.92,17,0,5,0,13.5,0,1,691.0
6.82,16,3,3,0,5.0,0,0,422.0
16.69,7,5,5,4,19.8,1,0,321.0
7.29,17,5,6,2,14.0,1,1,714.0
3.69,19,1,8,3,17.1,0,1,884.0
8.96,18,4,7,3,15.9,0,1,904.0
2.1,1,1,4,1,12.2,0,0,464.0
8.88,14,0,4,1,8.1,0,0,405.0
10.1,20,0,8,1,14.4,0,1,911.0
4.17,16,6,3,1,5.4,1,0,300.0
9.82,9,1,8,2,17.7,0,1,823.0
6.22,8,3,8,1,15.8,0,1,735.0
4.03,17,1,7,0,13.0,0,1,804.0
1.82,18,6,6,1,11.3,1,1,671.0
2.33,20,6,3,0,8.2,1,1,633.0
20.76,20,4,9,1,18.5,0,1,822.0
6.03,10,5,5,1,9.2,1,1,619.0
9.93,16,0,4,1,8.3,0,0,367.0
6.64,7,6,1,1,5.5,1,0,183.0
21.1,7,2,7,2,20.6,0,0,440.0
4.04,6,2,1,2,16.5,0,0,371.0
8.04,20,1,8,0,16.8,0,1,957.0
5.21,7,6,2,0,27.1,1,0,444.0
15.01,13,1,2,0,6.4,0,0,418.0
9.85,12,6,4,0,9.7,1,0,239.0
7.83,9,5,6,0,11.0,1,1,675.0
2.63,14,5,0,2,2.5,1,0,211.0
27.24,0,0,5,2,18.9,0,0,513.0
6.79,10,5,6,0,10.1,1,1,738.0
3.5,13,6,5,3,20.7,1,0,375.0
1.83,18,2,6,0,7.3,0,1,814.0
2.26,17,3,4,2,15.1,0,1,716.0
7.78,19,0,8,0,13.0,0,1,810.0
15.17,10,3,8,2,17.8,0,1,817.0
9.4,7,4,1,0,1.7,0,0,375.0
1.94,11,2,3,0,10.2,0,0,485.0
7.76,21,5,3,0,4.4,1,0,293.0
18.24,8,0,7,1,23.4,0,1,785.0
5.87,8,4,7,3,16.3,0,1,666.0
9.42,21,4,3,1,9.4,0,0,498.0
6.07,21,1,4,2,10.9,0,0,416.0
10.91,7,2,4,0,8.1,0,0,403.0
3.99,18,1,8,2,15.0,0,1,1000.0
0.5,12,4,2,3,9.2,0,0,382.0
2.78,13,4,3,0,8.4,0,0,418.0
5.31,13,3,4,0,5.2,0,0,444.0
7.2,21,1,4,0,7.2,0,0,477.0
5.48,8,1,6,0,10.1,0,1,784.0
5.39,18,5,7,0,15.5,1,1,799.0
15.25,0,3,6,2,15.1,0,0,438.0
3.19,16,3,4,2,13.7,0,0,509.0
7.8,17,2,6,0,8.3,0,1,793.0
2.07,18,6,8,4,22.0,1,1,831.0
12.47,20,1,10,3,22.3,0,1,922.0
9.23,18,5,5,1,12.4,1,1,627.0
26.9,17,5,7,5,24.3,1,1,710.0
3.09,9,1,8,3,20.2,0,1,825.0
21.76,23,0,3,0,7.3,0,0,301.0
3.47,12,1,3,4,11.6,0,0,547.0
5.83,11,1,2,0,4.7,0,0,399.0
2.41,13,5,2,0,2.3,1,0,311.0
26.68,11,3,6,0,11.3,0,0,276.0
10.24,15,3,3,1,7.3,0,0,413.0
10.31,10,3,9,5,24.0,0,1,924.0
3.75,8,6,5,0,7.4,1,1,708.0
0.66,20,6,5,1,8.5,1,1,790.0
5.65,20,0,6,0,8.5,0,1,754.0
4.84,13,5,4,3,13.1,1,0,373.0
1.28,21,2,2,0,2.4,0,0,443.0
5.94,11,5,2,1,6.3,1,0,266.0
7.81,11,6,2,1,5.6,1,0,297.0
10.73,20,3,7,0,13.4,0,1,668.0
0.79,16,4,3,4,12.0,0,0,474.0
2.55,18,3,8,5,21.6,0,1,1000.0
3.86,11,0,2,0,9.1,0,0,416.0
15.7,11,0,4,2,19.5,0,0,492.0
15.5,7,2,6,3,15.5,0,0,534.0
9.85,21,5,2,0,3.3,1,0,343.0
5.86,8,2,8,0,15.9,0,1,814.0
16.35,13,3,4,1,22.1,0,0,485.0
9.01,7,3,5,1,13.9,0,0,590.0
15.75,17,2,8,1,17.2,0,1,807.0
10.17,11,3,4,1,8.6,0,0,337.0
1.49,18,4,6,2,14.8,0,1,808.0
0.65,14,5,2,0,5.7,1,0,338.0
5.41,7,5,1,0,3.8,1,0,165.0
13.52,1,5,2,0,9.1,1,0,217.0
4.79,8,3,7,0,13.0,0,1,794.0
18.46,17,4,6,2,21.6,0,1,794.0
12.7,18,1,7,3,27.1,0,1,970.0
17.4,10,1,6,0,9.9,0,1,771.0
5.53,14,6,2,1,4.8,1,0,233.0
3.29,8,4,6,0,11.4,0,1,1000.0
2.87,19,0,6,0,7.5,0,1,787.0
10.85,21,2,5,4,16.3,0,0,395.0
1.63,18,6,4,0,5.2,1,1,598.0
1.75,7,0,4,2,8.5,0,0,406.0
4.56,12,3,2,0,6.9,0,0,305.0
8.77,23,5,1,0,2.3,1,0,276.0
3.92,8,6,8,1,13.1,1,1,600.0
15.52,17,2,7,2,20.7,0,1,875.0
17.56,20,6,4,1,9.1,1,1,663.0
0.5,18,5,7,3,17.8,1,1,772.0
10.31,16,2,4,2,10.0,0,0,489.0
4.81,13,5,3,1,5.4,1,0,257.0
13.93,20,5,5,0,8.6,1,1,583.0
10.55,11,1,4,0,11.6,0,0,442.0
8.47,20,0,7,1,15.4,0,1,806.0
6.78,12,5,2,1,5.9,1,0,260.0
1.76,18,0,8,0,20.1,0,1,860.0
29.42,20,5,4,0,13.5,1,1,639.0
2.52,14,2,2,0,2.7,0,0,460.0
21.91,9,4,6,0,10.5,0,1,736.0
12.0,6,4,2,0,2.9,0,0,319.0
5.01,18,0,7,3,21.2,0,1,910.0
4.42,16,0,3,2,14.5,0,0,404.0
1.68,9,4,10,5,25.3,0,1,1000.0
7.68,19,3,7,1,14.5,0,1,876.0
1.61,20,0,6,0,7.4,0,1,909.0
16.12,19,6,6,1,14.9,1,1,626.0
9.09,16,1,3,2,11.2,0,0,369.0
7.31,22,6,3,1,8.0,1,0,352.0
8.03,19,0,8,0,16.7,0,1,812.0
9.36,7,1,3,1,12.7,0,0,474.0
5.75,22,3,5,0,11.5,0,0,528.0
6.37,14,3,3,0,7.8,0,0,501.0
23.45,20,4,7,0,12.7,0,1,732.0
15.06,18,1,7,0,17.1,0,1,832.0
11.65,17,1,9,3,19.6,0,1,849.0
5.01,9,1,6,0,7.9,0,1,792.0
1.05,5,3,3,0,4.4,0,0,409.0
10.73,9,6,8,2,22.1,1,1,764.0
8.01,17,3,7,3,17.8,0,1,965.0
6.26,19,6,6,1,10.9,1,1,626.0
7.05,0,1,5,0,8.6,0,0,434.0
2.67,8,1,5,0,6.1,0,1,770.0
3.44,17,0,6,1,12.1,0,1,851.0
15.08,9,1,9,3,21.6,0,1,805.0
0.74,7,2,4,0,6.8,0,0,421.0
13.66,7,2,6,3,15.2,0,0,448.0
19.01,16,4,3,1,16.1,0,0,246.0
10.57,16,3,5,2,12.7,0,0,528.0
10.21,19,4,6,0,9.8,0,1,673.0
3.41,9,0,10,3,20.0,0,1,840.0
3.88,7,6,3,1,6.4,1,0,387.0
5.35,18,1,6,0,13.6,0,1,775.0
2.16,22,0,3,0,9.3,0,0,404.0
3.63,10,2,6,0,10.2,0,1,775.0
7.99,19,4,7,0,10.6,0,1,856.0
5.09,18,1,6,0,11.9,0,1,758.0
8.51,20,1,8,0,12.0,0,1,847.0
15.05,11,5,1,0,3.8,1,0,153.0
8.46,7,5,3,1,10.8,1,0,342.0
10.29,7,5,2,2,10.2,1,0,362.0
1.58,18,1,7,1,12.1,0,1,923.0
14.87,19,3,8,0,14.8,0,1,699.0
1.53,12,4,1,0,10.1,0,0,374.0
4.81,6,3,4,1,11.9,0,0,546.0
2.79,6,1,2,2,6.5,0,0,476.0
1.05,16,5,1,0,1.7,1,0,266.0
8.14,20,6,6,4,18.3,1,1,762.0
10.92,11,1,5,2,11.3,0,0,471.0
19.33,17,4,8,3,20.1,0,1,807.0
9.01,14,6,3,1,6.6,1,0,340.0
3.61,19,3,8,0,12.0,0,1,863.0
5.0,19,0,8,4,20.5,0,1,842.0
1.25,8,4,9,3,18.5,0,1,894.0
5.43,17,6,8,2,18.0,1,1,754.0
7.23,19,1,7,3,16.2,0,1,839.0
10.6,20,0,10,3,24.2,0,1,933.0
12.65,15,1,4,2,11.5,0,0,438.0
10.35,8,5,4,0,6.4,1,1,581.0
3.28,15,3,4,1,8.1,0,0,526.0
2.49,17,0,7,1,13.4,0,1,839.0
12.03,9,4,6,2,13.2,0,1,879.0
1.01,22,5,1,0,0.4,1,0,361.0
25.55,8,1,10,1,21.1,0,1,749.0
3.91,20,4,9,5,23.3,0,1,925.0
16.27,11,1,5,0,10.5,0,0,373.0
4.54,0,0,3,0,8.2,0,0,427.0
11.1,14,2,4,2,9.8,0,0,473.0
2.58,16,5,0,0,0.7,1,0,259.0
7.56,19,4,8,0,17.0,0,1,798.0
1.35,14,0,4,1,7.1,0,0,550.0
9.36,7,1,5,4,18.3,0,0,482.0
2.53,20,3,5,0,7.6,0,1,816.0
2.93,15,2,4,0,5.1,0,0,422.0
5.21,9,2,6,0,11.0,0,1,784.0
6.1,20,3,7,1,17.1,0,1,874.0
10.61,7,5,2,0,3.4,1,0,351.0
9.87,7,4,3,0,4.1,0,0,390.0
8.16,14,5,4,2,9.8,1,0,323.0
13.63,16,0,4,5,21.6,0,0,584.0
9.68,13,3,4,0,6.7,0,0,428.0
10.18,20,3,8,1,15.4,0,1,839.0
2.9,9,5,6,2,12.9,1,1,803.0
14.35,23,3,5,0,14.3,0,0,438.0
13.17,5,6,5,2,15.1,1,0,511.0
8.45,7,5,3,0,4.6,1,0,290.0
12.85,8,4,6,0,12.8,0,1,828.0
7.13,7,2,3,0,3.8,0,0,410.0
19.98,12,2,4,0,9.8,0,0,388.0
7.89,19,3,7,2,14.6,0,1,811.0
6.94,18,3,6,1,11.4,0,1,774.0
9.73,18,0,7,2,14.6,0,1,854.0
22.74,0,1,8,2,19.2,0,0,425.0
4.66,19,5,5,0,6.9,1,1,635.0
9.28,11,3,6,4,16.5,0,0,523.0
4.95,17,6,6,3,20.2,1,1,843.0
6.94,17,1,8,0,15.8,0,1,835.0
3.6,8,6,6,2,13.4,1,1,744.0
9.99,14,5,3,2,8.5,1,0,259.0
7.41,20,2,5,0,7.8,0,1,852.0
12.66,9,4,8,0,16.2,0,1,872.0
15.1,17,6,7,0,12.3,1,1,748.0
16.66,21,4,5,5,22.7,0,0,416.0
5.11,10,6,7,2,14.5,1,1,776.0
9.74,11,0,3,2,10.0,0,0,362.0
17.38,12,1,6,3,20.2,0,0,529.0
3.58,18,0,6,0,9.4,0,1,809.0
8.01,12,2,7,4,19.0,0,0,584.0
3.79,13,5,3,1,7.0,1,0,289.0
22.54,8,6,8,2,24.4,1,1,661.0
17.25,22,3,5,0,14.4,0,0,367.0
10.94,19,2,6,0,9.2,0,1,775.0
10.82,16,6,2,0,4.3,1,0,246.0
4.1,21,4,2,0,5.7,0,0,400.0
18.61,17,3,7,0,11.3,0,1,685.0
5.88,21,0,5,0,7.4,0,0,435.0
4.45,8,1,8,1,12.8,0,1,930.0
15.66,8,4,7,3,24.8,0,1,862.0
5.45,19,4,8,0,16.1,0,1,861.0
4.6,11,3,4,0,5.0,0,0,440.0
13.17,10,4,8,1,15.3,0,1,784.0
2.7,18,4,7,1,14.5,0,1,939.0
11.04,16,0,4,1,8.5,0,0,433.0
8.08,10,5,5,5,19.9,1,1,774.0
12.43,11,4,5,0,8.4,0,0,450.0
10.21,11,1,1,0,5.8,0,0,396.0
31.93,7,1,7,3,19.9,0,0,359.0
8.64,8,6,6,1,13.0,1,1,706.0
5.44,14,1,5,1,10.5,0,0,595.0
7.44,18,0,9,4,21.2,0,1,1000.0
10.13,11,0,5,0,10.8,0,0,420.0
21.73,10,1,7,0,12.7,0,1,780.0
11.53,17,4,7,0,10.7,0,1,757.0
3.92,8,3,8,2,19.6,0,1,904.0
40.0,10,5,10,3,25.8,1,1,672.0
14.69,8,1,8,0,21.4,0,1,784.0
3.73,17,1,5,0,9.2,0,1,735.0
2.92,7,2,3,1,17.9,0,0,559.0
2.45,12,5,2,0,5.0,1,0,271.0
7.16,16,3,6,3,14.2,0,0,579.0
7.38,19,5,4,0,10.5,1,1,624.0
4.37,17,0,10,3,31.9,0,1,935.0
2.12,21,2,4,2,10.3,0,0,495.0
2.98,17,3,7,0,13.1,0,1,744.0
11.69,10,0,6,2,15.4,0,1,839.0
5.96,8,2,9,2,16.8,0,1,875.0
3.29,6,1,3,0,3.6,0,0,367.0
8.06,9,3,6,0,8.4,0,1,721.0
9.2,7,1,4,2,14.0,0,0,569.0
9.92,10,1,9,1,18.1,0,1,854.0
7.84,17,6,7,2,13.7,1,1,735.0
6.98,17,1,6,0,11.9,0,1,835.0
16.53,9,5,6,2,13.9,1,1,633.0
3.09,13,3,6,2,18.0,0,0,594.0
6.3,8,0,6,0,16.8,0,1,798.0
1.21,13,2,4,0,4.2,0,0,346.0
5.68,13,3,4,0,7.3,0,0,387.0
8.48,9,1,4,2,11.5,0,1,701.0
13.08,9,1,8,0,13.0,0,1,799.0
1.25,22,4,3,3,19.9,0,0,452.0
8.3,14,0,3,0,5.4,0,0,329.0
23.83,15,6,6,3,16.9,1,0,371.0
10.45,1,2,5,0,12.0,0,0,432.0
2.6,8,2,8,2,16.6,0,1,953.0
5.69,10,0,8,1,15.6,0,1,919.0
10.69,21,6,4,1,9.2,1,0,329.0
4.54,8,1,10,5,25.8,0,1,1000.0
9.0,9,5,7,0,11.5,1,1,616.0
8.63,23,2,4,0,7.2,0,0,447.0
7.08,13,0,3,0,3.9,0,0,408.0
2.35,9,2,6,1,11.7,0,1,874.0
4.14,16,3,4,2,10.0,0,0,443.0
25.39,13,3,4,0,7.8,0,0,313.0
5.4,21,6,2,2,7.8,1,0,306.0
5.93,7,3,4,0,5.8,0,0,499.0
5.9,18,5,5,4,20.6,1,1,778.0
12.86,9,2,7,0,11.1,0,1,682.0
6.16,18,1,9,5,26.2,0,1,992.0
7.2,19,3,7,1,13.0,0,1,789.0
8.3,19,3,10,5,24.2,0,1,1000.0
13.84,19,2,8,1,16.0,0,1,846.0
7.22,17,5,8,0,13.2,1,1,806.0
7.81,7,6,2,2,8.6,1,0,377.0
4.72,6,0,4,0,9.5,0,0,486.0
9.15,10,0,7,0,12.8,0,1,861.0
11.05,13,1,4,0,6.1,0,0,439.0
11.58,9,4,7,3,20.7,0,1,806.0
22.91,18,0,7,2,21.4,0,1,716.0
3.9,17,1,6,0,11.1,0,1,744.0
7.45,22,2,3,3,23.6,0,0,527.0
6.19,11,2,3,0,12.1,0,0,279.0
20.29,18,5,5,0,15.1,1,1,623.0
11.88,18,3,6,0,15.7,0,1,756.0
1.73,23,6,3,0,6.6,1,0,399.0
4.4,18,5,4,1,11.6,1,1,674.0
5.64,9,2,7,0,10.2,0,1,779.0
2.0,4,6,1,0,1.3,1,0,352.0
7.86,21,5,2,0,2.6,1,0,263.0
4.88,17,3,8,3,17.1,0,1,870.0
23.56,18,5,6,1,13.4,1,1,607.0
9.1,18,1,6,0,10.1,0,1,784.0
5.46,18,1,7,2,13.8,0,1,821.0
3.27,18,5,3,0,3.2,1,1,609.0
6.98,20,5,7,3,19.1,1,1,861.0
19.17,20,1,4,0,8.1,0,1,683.0
6.24,10,5,6,0,13.0,1,1,672.0
7.03,5,3,4,0,7.2,0,0,352.0
15.13,6,3,6,0,11.3,0,0,436.0
8.91,12,5,5,0,7.1,1,0,298.0
12.69,19,1,9,2,18.0,0,1,835.0
9.55,19,2,6,0,9.4,0,1,712.0
9.18,11,2,6,0,10.1,0,0,459.0
1.64,9,3,5,1,10.7,0,1,721.0
2.88,13,1,2,2,11.3,0,0,460.0
8.25,19,0,10,3,21.3,0,1,886.0
3.54,16,4,4,0,5.8,0,0,466.0
6.99,7,0,3,3,10.9,0,0,476.0
2.65,10,2,6,2,17.1,0,1,852.0
15.21,15,6,4,1,15.9,1,0,376.0
3.9,14,6,1,0,8.9,1,0,381.0
3.26,18,1,6,0,9.5,0,1,868.0
2.13,20,6,7,0,9.5,1,1,646.0
11.49,7,2,7,2,16.0,0,0,464.0
6.98,8,1,8,2,16.7,0,1,832.0
14.84,11,3,4,0,6.6,0,0,413.0
4.74,9,3,7,0,12.5,0,1,781.0
2.82,11,2,4,3,13.8,0,0,459.0
6.75,6,2,1,0,2.1,0,0,300.0
16.82,6,0,1,1,6.2,0,0,343.0
1.6,19,1,8,4,19.4,0,1,959.0
8.77,7,1,4,0,8.4,0,0,335.0
9.4,18,6,6,1,10.7,1,1,661.0
18.65,9,3,9,2,20.7,0,1,724.0
3.67,9,3,7,0,9.4,0,1,664.0
1.49,7,3,5,0,5.7,0,0,479.0
5.13,3,6,4,3,12.5,1,0,407.0
12.57,10,5,6,0,15.1,1,1,687.0
7.32,19,4,7,0,11.2,0,1,892.0
10.11,20,2,6,0,12.6,0,1,670.0
2.98,6,2,2,2,6.3,0,0,295.0
5.96,5,6,3,0,10.9,1,0,252.0
7.52,8,6,5,0,7.5,1,1,531.0
1.85,18,1,6,0,11.7,0,1,768.0
7.49,8,2,6,0,8.6,0,1,805.0
5.54,8,2,6,2,27.7,0,1,882.0
36.06,19,5,8,3,25.9,1,1,743.0
7.1,19,6,6,0,19.5,1,1,737.0
19.32,17,6,6,2,19.7,1,1,664.0
10.05,8,5,7,2,16.0,1,1,705.0
6.48,10,2,7,2,18.1,0,1,875.0
17.47,8,2,6,1,13.6,0,1,662.0
2.6,17,6,7,0,11.8,1,1,539.0
5.04,18,2,7,1,11.7,0,1,846.0
13.07,7,1,5,1,19.3,0,0,467.0
0.75,19,5,6,1,13.1,1,1,832.0
6.93,12,3,2,0,2.3,0,0,404.0
6.89,18,0,6,0,12.7,0,1,804.0
8.57,6,6,3,0,6.2,1,0,275.0
6.01,10,2,9,0,15.3,0,1,802.0
12.72,3,2,4,0,9.4,0,0,376.0
3.82,17,3,6,0,8.2,0,1,843.0
13.93,7,1,6,0,12.4,0,0,460.0
2.9,10,5,4,0,10.2,1,1,726.0
9.05,18,4,9,5,25.8,0,1,945.0
16.13,18,3,7,1,13.8,0,1,725.0
3.55,16,1,3,0,7.8,0,0,481.0
4.31,17,3,6,2,18.1,0,1,905.0
14.26,17,1,7,0,19.8,0,1,802.0
8.15,16,6,1,0,13.5,1,0,315.0
1.51,10,5,6,1,19.3,1,1,783.0
8.38,5,0,4,0,9.2,0,0,384.0
11.29,12,3,5,1,10.0,0,0,418.0
14.65,6,5,2,0,7.5,1,0,198.0
8.9,12,3,3,0,3.9,0,0,360.0
10.29,12,0,4,0,11.0,0,0,471.0
20.57,8,0,8,0,21.3,0,1,836.0
13.33,18,5,4,1,8.0,1,1,664.0
5.84,17,3,7,0,17.8,0,1,881.0
6.43,15,3,2,0,3.4,0,0,345.0
15.69,20,1,8,0,14.8,0,1,717.0
8.77,9,1,9,1,14.9,0,1,842.0
7.87,9,2,4,1,10.5,0,1,747.0
5.7,8,3,7,2,13.7,0,1,880.0
15.3,14,3,5,1,10.6,0,0,448.0
3.73,8,6,7,5,25.3,1,1,896.0
5.05,19,1,7,0,14.8,0,1,697.0
15.27,9,3,8,2,20.3,0,1,786.0
15.15,13,1,3,0,6.5,0,0,350.0
28.76,14,0,3,0,11.5,0,0,338.0
6.95,9,2,6,2,12.8,0,1,939.0
5.77,18,0,7,4,20.8,0,1,830.0
6.23,17,2,7,2,13.7,0,1,794.0
1.71,18,4,7,0,11.6,0,1,798.0
0.91,16,2,3,1,6.8,0,0,390.0
8.88,12,4,3,0,4.1,0,0,323.0
5.44,12,2,3,1,6.4,0,0,415.0
3.95,17,2,6,0,11.8,0,1,855.0
7.79,10,6,5,0,7.1,1,1,663.0
9.03,12,1,3,0,8.2,0,0,336.0
6.59,8,3,9,4,21.5,0,1,911.0
6.72,17,5,7,0,10.2,1,1,644.0
5.39,6,2,2,0,9.3,0,0,449.0
11.88,23,2,5,0,8.5,0,0,500.0
4.77,7,4,4,0,8.6,0,0,331.0
3.27,10,0,7,0,10.1,0,1,825.0
5.21,8,1,9,2,19.5,0,1,848.0
8.6,9,2,6,0,12.6,0,1,781.0
12.37,9,1,7,0,10.9,0,1,768.0
23.2,17,3,7,0,12.5,0,1,649.0
7.82,8,4,7,0,10.8,0,1,866.0
19.48,9,6,7,1,15.1,1,1,669.0
4.45,7,4,3,0,3.4,0,0,366.0
3.84,9,4,7,1,13.0,0,1,839.0
9.96,21,5,1,0,2.1,1,0,187.0
11.01,10,1,6,0,10.1,0,1,748.0
8.39,18,3,6,0,12.3,0,1,667.0
36.58,12,5,4,1,27.2,1,0,122.0
4.66,12,1,4,0,8.1,0,0,367.0
17.11,18,2,7,1,16.0,0,1,749.0
3.92,5,1,5,2,14.2,0,0,388.0
11.61,19,6,6,0,14.5,1,1,649.0
7.58,13,2,3,0,6.4,0,0,357.0
8.81,10,2,8,0,14.9,0,1,815.0
10.04,20,5,6,0,10.7,1,1,712.0
7.78,10,6,5,0,8.7,1,1,764.0
6.71,22,0,4,1,7.9,0,0,455.0
1.34,20,6,6,1,10.7,1,1,669.0
13.69,9,4,6,1,17.0,0,1,821.0
2.47,10,6,4,0,6.9,1,1,746.0
5.49,18,0,7,0,9.8,0,1,733.0
9.26,8,0,6,2,14.3,0,1,743.0
2.9,17,2,6,0,14.2,0,1,722.0
6.7,7,5,2,1,4.8,1,0,260.0
12.67,8,3,10,1,20.9,0,1,892.0
5.39,13,5,3,0,13.8,1,0,420.0
6.78,18,1,8,0,12.4,0,1,874.0
3.44,18,2,6,1,11.5,0,1,834.0
5.9,16,6,3,1,10.1,1,0,334.0
2.53,9,3,4,0,5.1,0,1,769.0
8.51,11,5,2,0,7.4,1,0,307.0
2.01,8,4,7,0,10.1,0,1,895.0
4.52,9,1,5,1,8.2,0,1,777.0
7.62,9,6,6,0,19.2,1,1,727.0
6.37,16,6,4,3,12.7,1,0,359.0
9.63,8,5,7,4,20.1,1,1,786.0
6.8,6,3,5,5,17.4,0,0,516.0
1.34,17,2,5,0,6.9,0,1,703.0
2.86,5,2,3,0,5.3,0,0,459.0
7.36,22,4,4,3,19.9,0,0,580.0
14.95,10,2,8,1,16.8,0,1,809.0
13.22,0,1,3,0,4.9,0,0,379.0
35.96,19,0,10,3,28.1,0,1,866.0
4.94,16,2,5,1,13.5,0,0,464.0
12.38,18,5,7,2,20.3,1,1,751.0
11.8,12,5,4,4,17.7,1,0,375.0
19.96,10,5,8,5,24.6,1,1,745.0
16.55,17,4,8,1,16.3,0,1,834.0
8.96,11,6,3,0,4.6,1,0,318.0
11.05,15,5,2,1,5.8,1,0,333.0
